contractId,objectId,kkTechnicianArrivalDate,kkTechnicianDepartureDate,kkTechnicianId,arrivalDate,materialSum,numberOfMaterials
16797,20356,1980-07-11 22:27:34,1974-04-12 12:02:36,765,1997-02-02	,109,111
42390,63,2031-05-26 07:13:54,1991-03-29 10:07:37,550,1979-10-10	,68,72
37769,36303,2002-02-27 15:29:34,1997-11-28 17:29:37,582,2026-12-26	,45,113
82824,18158,2018-11-21 23:27:57,2033-11-08 11:43:54,465,2019-08-05	,77,127
13590,26993,2017-05-17 17:27:51,2031-04-18 16:03:59,938,1986-04-29	,92,72
24114,18006,2015-11-11 17:20:53,2023-10-24 12:06:33,504,1970-12-17	,30,177
74014,31212,1989-11-03 06:32:06,1991-12-05 15:47:28,462,2005-05-27	,177,58
88339,30164,1985-07-13 02:34:07,1993-09-24 20:40:33,332,2011-09-28	,197,94
15321,33911,1995-02-02 08:39:07,1976-03-15 07:13:15,919,2026-04-01	,91,32
18666,6344,2034-08-25 07:20:04,2016-12-24 14:38:34,141,1976-12-01	,114,177
72590,43167,1983-11-02 19:06:05,1982-10-06 01:56:54,383,1976-01-01	,95,53
69144,35280,2011-11-24 13:33:37,1971-08-07 16:54:28,319,2010-09-04	,98,94
27594,43005,2008-05-02 04:23:56,1983-03-16 18:59:25,687,1971-02-09	,71,175
14316,15163,2008-05-11 11:53:26,1989-05-03 13:28:17,405,1979-03-22	,33,26
99882,18429,1991-08-31 15:34:26,1996-01-08 18:01:21,457,2024-02-25	,130,29
50134,13248,1981-09-06 21:55:03,2025-10-27 14:41:34,863,2015-02-15	,58,27
52319,42789,1992-08-21 05:55:12,1984-04-12 10:26:41,872,2016-09-04	,16,3
98918,32341,1990-05-16 15:02:09,1996-10-26 14:14:50,783,2001-08-14	,105,157
83321,42164,1981-02-14 21:01:59,1989-09-24 21:00:51,639,2025-04-23	,88,28
7772,30490,2035-05-16 22:12:46,2033-12-29 22:35:24,273,1987-03-23	,15,160
10887,20584,1970-05-28 01:21:13,2036-10-01 22:03:06,97,1976-01-23	,200,17
73585,14774,2002-09-22 09:34:01,2005-04-05 11:19:00,760,1970-05-25	,60,119
84907,23135,2030-02-08 09:42:49,2003-03-20 05:13:18,275,1991-11-15	,126,70
93120,29453,1989-12-23 23:21:22,1983-11-21 17:33:39,843,1995-05-11	,0,191
78428,304,2033-06-02 19:33:34,2030-01-05 02:56:58,95,2033-02-26	,194,167
22355,22476,1993-10-04 08:34:49,2036-12-08 21:21:20,455,2014-02-13	,115,61
11103,23010,2023-12-05 20:26:31,1996-04-20 08:05:51,782,1998-08-23	,148,143
993,1661,2032-05-24 01:34:07,2027-12-27 00:45:45,406,2032-05-28	,161,38
92313,36754,1974-11-25 07:11:00,1971-03-30 21:29:45,663,1972-10-07	,170,178
49016,9917,2029-03-24 22:32:26,2034-05-05 03:37:22,847,2000-06-10	,50,192
90752,2116,1993-06-04 20:08:32,2016-11-22 18:59:11,463,1975-09-17	,80,95
11712,15938,1992-02-19 01:43:12,2005-08-03 09:05:09,236,1978-09-26	,143,31
86345,39253,1982-01-22 02:01:01,2005-11-01 17:24:46,826,1971-10-19	,83,63
22477,14183,1987-10-14 10:55:32,1974-11-12 11:07:42,731,2004-10-15	,5,128
55353,18671,1992-04-17 04:57:56,1971-02-21 04:52:23,457,2019-08-23	,98,115
4821,40757,1976-08-17 20:23:51,1989-04-30 09:28:33,944,2025-02-25	,89,162
59553,31007,1992-09-12 13:49:55,1998-08-31 16:10:35,647,2020-10-28	,148,175
3051,49921,2034-02-27 10:02:08,2021-10-26 21:07:31,510,2036-02-23	,80,12
34543,36377,1975-06-09 06:55:20,2024-08-17 08:36:37,457,2008-10-09	,75,101
38490,23728,2023-09-16 21:36:56,1992-05-07 14:50:40,285,1985-10-20	,27,176
85232,23445,1990-07-16 05:26:01,2003-12-13 16:56:49,215,1972-08-24	,74,49
3726,15650,1970-07-12 21:16:38,2007-03-20 12:15:19,285,1997-09-30	,122,126
13526,34494,1999-06-24 15:03:21,2010-04-22 03:46:29,259,2025-02-22	,19,129
28491,44338,2036-03-17 07:21:47,2008-10-14 11:05:55,119,1977-05-15	,90,195
57719,37616,2001-12-29 06:32:22,2023-12-17 23:46:37,791,2027-03-09	,7,166
15333,2349,1995-07-17 16:02:22,1999-10-30 23:44:00,455,2037-01-19	,13,118
67518,25097,1982-05-27 17:20:36,2033-08-12 20:18:54,312,1989-01-14	,116,120
16648,27613,1981-05-17 16:54:07,1989-06-04 07:31:03,661,2012-01-13	,51,47
37000,36341,1972-02-02 15:54:36,1980-12-20 06:16:44,567,1974-10-04	,198,144
11689,18247,1980-10-22 09:24:40,2008-11-24 01:38:02,350,1985-06-27	,32,5
72951,17190,2035-05-07 02:37:33,1972-11-04 18:33:57,624,2006-09-20	,128,158
9183,40307,1975-02-19 07:55:53,2021-03-14 07:35:45,424,1992-08-08	,199,159
5893,1039,2034-12-27 13:37:13,2012-08-09 09:01:39,90,2034-04-13	,69,41
30957,25268,2023-01-09 09:09:27,2014-11-26 07:45:43,733,2034-01-06	,137,92
28452,32276,2004-04-25 04:51:40,2031-10-18 03:14:18,185,1979-10-01	,140,55
94937,38677,1971-12-30 00:03:20,1995-05-25 15:01:51,105,1971-04-27	,33,33
4016,6099,2023-10-22 08:52:22,1978-11-27 09:54:05,66,1979-05-04	,68,75
64260,5879,1972-06-14 08:02:47,1995-07-23 05:55:48,58,2019-01-31	,168,68
36680,17112,1987-01-28 08:08:43,2007-07-23 11:33:48,485,2034-07-31	,166,87
72253,42905,2024-12-26 13:36:48,2026-05-11 19:32:06,878,2036-05-08	,199,184
9700,39173,1973-04-20 12:11:18,1981-02-18 19:00:19,921,1996-05-01	,108,113
50452,28791,2033-11-20 11:30:49,2008-04-20 12:25:59,297,2022-11-11	,182,133
11905,7829,1984-09-08 01:07:49,2011-02-20 15:11:59,105,1973-01-14	,7,166
90272,42370,2014-08-30 06:29:32,2023-02-03 22:19:53,823,2014-03-03	,140,184
43252,37317,1975-08-26 14:28:50,1994-01-13 21:32:36,133,2012-05-20	,184,128
19864,42765,1983-08-27 13:20:37,2003-09-27 04:47:51,632,1977-03-27	,32,150
26288,18774,1994-03-16 13:45:23,1995-01-28 03:12:57,420,1996-11-18	,39,64
24243,42643,1977-01-04 05:58:37,1974-05-31 11:40:03,502,2024-07-01	,197,187
54718,3363,1989-07-29 08:47:36,2016-04-21 18:21:07,690,1983-11-22	,63,178
5940,25943,1996-03-01 11:32:01,2017-01-21 11:31:41,625,2007-01-12	,88,178
91964,39917,1987-06-16 04:26:20,1993-02-13 01:48:21,193,2000-10-30	,133,87
30589,38277,2004-01-26 16:48:17,2024-12-21 09:06:29,566,2002-12-30	,149,22
55214,1494,2024-01-13 12:18:25,1986-06-26 15:57:56,234,1977-08-22	,26,58
63110,25772,2037-01-08 21:59:01,1987-06-10 05:59:41,59,1999-02-05	,29,196
22590,20038,1991-09-15 17:51:42,1998-07-14 10:20:50,854,2036-10-16	,171,32
74703,17787,2035-11-04 02:10:59,1991-05-01 02:45:55,841,2018-04-20	,85,78
73967,11050,2013-03-18 21:18:11,2036-04-04 13:49:18,333,2022-02-14	,53,193
28138,12598,1985-01-05 04:49:31,1993-03-16 00:54:12,680,1994-10-31	,64,181
76566,31958,1992-02-05 11:10:23,2012-02-27 03:44:02,621,1982-03-27	,156,73
53553,37336,2016-05-07 15:38:28,1995-08-07 14:14:29,456,1977-05-10	,154,39
32908,20196,1981-07-22 20:23:53,2015-01-27 09:02:35,170,1999-09-24	,125,90
68883,42365,2023-11-29 18:19:28,1995-01-25 08:37:02,212,1977-08-26	,55,196
75157,29923,2010-08-25 00:42:22,1995-05-01 10:46:05,779,1995-08-15	,148,63
12319,21048,2016-12-13 16:31:12,2009-06-13 07:37:37,529,2001-03-24	,155,172
86279,47283,2005-06-01 22:54:01,1972-03-22 11:41:24,382,1980-01-06	,97,14
99442,13805,1999-12-03 19:39:12,1984-01-22 20:30:33,388,2018-07-21	,37,28
31191,39086,2004-11-11 09:39:00,1976-02-20 03:16:49,158,1987-03-01	,81,56
67315,4694,2028-08-06 07:39:32,1983-10-05 16:02:51,553,2013-05-05	,12,83
58257,29038,2000-07-01 20:40:17,2035-09-04 15:30:19,728,2033-06-05	,7,145
20818,23807,2033-03-19 00:51:19,2010-08-10 07:59:42,189,1977-09-17	,148,100
89503,12455,2010-04-07 09:34:40,1973-08-15 19:17:04,501,2037-10-02	,67,35
8951,9784,1995-08-19 07:16:10,2013-09-15 23:27:05,833,1999-09-26	,11,83
1770,25300,1995-11-17 15:06:02,2020-09-27 04:05:15,438,1998-05-11	,94,129
89286,19841,1986-07-15 02:55:19,1975-08-12 10:57:01,510,2036-09-03	,117,81
22886,8782,2001-03-11 22:15:23,2019-09-09 00:12:18,171,2023-12-18	,181,52
98867,14060,2031-06-16 00:41:14,2025-11-20 17:40:49,718,2035-05-23	,47,147
46689,30835,2002-10-06 23:13:53,2031-08-02 05:55:59,33,2034-08-10	,110,186
34619,39710,1970-08-05 18:37:39,2028-04-10 03:55:50,774,2010-05-02	,52,0
76834,35993,2019-11-18 06:10:13,2033-12-10 03:57:23,513,2013-05-21	,40,100
91877,5173,1991-12-19 02:47:01,2013-05-05 20:13:22,64,2008-01-20	,74,106
17589,42713,1999-09-08 07:16:20,1984-03-30 09:44:49,804,2037-03-13	,27,30
78165,7214,1970-06-02 17:15:46,2007-10-23 19:47:20,737,1988-03-18	,112,101
98747,14570,2000-04-11 12:52:42,2004-01-17 18:52:44,929,2013-11-30	,0,170
74879,16226,2002-12-25 02:37:31,2025-05-02 21:18:02,884,2028-05-07	,69,11
71168,39030,1988-04-19 21:32:11,2005-01-24 20:54:37,768,1997-07-11	,133,110
54877,33563,1977-03-02 07:48:18,1989-06-12 05:42:17,939,2015-03-03	,159,186
95515,11798,1999-01-12 20:55:56,2030-03-01 18:03:48,882,1999-02-25	,147,126
75292,10824,2000-02-29 00:24:46,2013-04-28 19:16:11,73,2023-08-06	,139,157
56820,48258,1990-06-23 19:38:27,1992-11-18 12:18:07,369,2035-09-27	,178,184
63726,49562,1983-11-22 21:48:10,2009-03-17 00:03:37,655,2037-09-21	,100,122
23114,46455,2003-08-20 05:31:23,1977-08-26 08:02:20,357,1985-05-21	,149,22
44256,9284,2020-11-02 03:26:21,2005-02-23 04:13:14,974,2000-03-02	,60,108
40844,30148,2029-09-24 03:24:42,2022-12-13 03:56:36,569,2021-12-20	,139,41
75491,45031,2023-03-29 21:55:31,1997-11-22 14:18:01,896,1989-05-20	,4,25
21393,25711,1986-04-16 06:00:43,2008-11-19 22:20:19,741,2036-10-24	,137,36
16752,21445,2017-08-03 21:37:50,1979-08-01 23:06:29,873,1970-02-04	,137,56
60436,28001,1973-12-30 01:04:11,1981-10-18 01:10:41,324,2021-05-22	,76,15
65577,8096,2003-03-29 20:48:25,2007-07-15 02:45:29,447,2004-08-07	,136,132
2267,45892,1985-10-18 06:15:11,2021-12-02 17:39:04,900,2032-03-12	,190,13
34284,32257,1984-02-27 06:30:22,1984-08-19 15:58:38,647,2030-08-02	,99,50
45032,27718,1998-11-13 20:40:58,2022-09-03 04:46:18,309,2024-09-11	,171,194
96568,17053,2005-03-04 07:31:37,1998-01-25 04:45:32,850,1983-04-18	,14,175
11316,15261,2013-03-22 23:26:49,1970-11-16 07:12:03,219,2009-07-15	,16,112
22610,14403,2022-11-17 22:40:04,2029-05-20 16:17:43,178,1988-07-23	,24,126
82707,27387,1997-05-28 04:00:45,1979-04-18 21:13:47,351,1987-05-17	,20,63
59635,30936,2019-08-26 16:43:09,2000-05-04 23:05:09,814,2024-08-17	,63,186
10796,47661,2033-12-21 08:16:45,1992-04-06 12:32:09,534,1971-05-15	,178,152
30816,33312,2013-01-26 08:55:08,2003-02-09 16:20:27,939,2021-06-23	,23,153
30418,25895,2031-06-04 07:36:19,2014-08-15 00:13:58,773,1970-04-22	,195,74
62319,35123,2025-06-27 22:24:15,1999-10-03 14:12:25,505,1979-01-30	,73,123
8664,15225,2033-12-27 15:27:11,2012-03-31 15:30:34,324,2026-06-13	,76,127
49573,700,1978-02-13 01:35:19,1999-08-01 04:03:44,771,1985-12-16	,40,15
75241,5164,2019-09-13 04:47:32,2005-10-08 00:10:42,107,2017-11-07	,179,146
40563,35527,1981-06-12 06:48:23,2031-12-25 16:01:28,844,2006-03-31	,105,187
83714,23215,2007-07-12 09:08:00,1981-01-03 03:27:01,294,2033-06-17	,159,158
94657,45690,1985-04-04 12:49:34,2018-10-17 20:08:48,148,1998-11-30	,159,181
52818,26099,1999-01-04 23:09:53,2013-04-11 15:32:30,225,1991-11-16	,73,126
3198,26754,2006-11-09 10:45:24,2029-08-11 09:34:19,67,1974-06-18	,162,181
52987,17902,1974-07-13 19:43:59,2026-01-19 00:16:57,290,2028-08-06	,123,47
77488,41868,2034-12-07 02:07:07,2032-10-27 20:24:41,262,2020-10-02	,165,158
26781,12509,1999-01-06 19:34:22,2003-07-19 14:23:38,572,2023-12-26	,24,121
32835,33266,2002-08-21 07:56:46,1996-12-14 00:59:40,731,1989-06-23	,60,52
64422,18373,1975-09-30 02:04:21,2033-08-12 20:07:32,228,2017-06-21	,34,0
53493,6306,2033-01-20 23:34:17,2024-04-01 06:25:17,872,2021-01-26	,118,28
67,699,2013-01-21 10:06:35,2008-12-11 23:34:45,808,2021-06-23	,35,27
42177,32776,2006-03-07 23:41:19,1980-05-22 11:45:29,942,2026-08-28	,83,117
20003,24891,2005-06-08 21:27:40,1999-03-02 10:10:54,195,2017-02-19	,86,146
81880,17930,2005-11-24 17:40:52,2017-01-02 20:10:02,109,1977-11-01	,166,22
12914,23162,2016-06-01 11:34:53,2033-09-21 20:11:28,219,2028-05-22	,14,128
51354,30186,2024-01-15 20:23:58,2000-12-24 03:46:09,436,1984-02-15	,8,127
70536,28095,1974-06-01 21:45:18,2031-04-19 18:32:35,254,2003-10-25	,126,14
85551,7931,2021-12-31 11:39:14,2035-08-23 08:57:03,274,2010-06-20	,14,80
5787,37823,1993-02-03 00:47:21,1988-11-20 22:34:52,615,1997-12-29	,184,25
1507,35657,2009-09-10 03:19:48,2000-09-18 17:36:37,921,2012-06-29	,17,125
18631,7628,2005-11-06 10:12:33,2000-01-02 09:25:09,650,1980-09-29	,103,101
31651,13919,2001-12-14 22:17:22,2010-03-03 16:10:16,873,2007-01-06	,199,187
30039,16626,1984-03-09 11:47:40,2032-04-04 07:40:05,744,1978-09-04	,8,152
84061,31308,1984-04-24 14:54:51,2021-10-21 10:15:57,250,1990-04-12	,77,87
45055,45704,2029-09-25 08:42:28,1976-10-21 16:50:09,72,1996-09-05	,121,78
67042,3725,2036-08-09 07:52:42,2006-12-25 08:05:33,619,2036-02-22	,95,184
30447,34140,2026-09-25 20:58:25,1973-04-16 20:43:58,811,2029-08-26	,162,130
50274,881,1998-01-18 03:50:39,2021-04-06 18:34:42,315,2024-05-27	,38,154
71351,3398,2028-12-10 22:55:13,2023-06-14 23:21:52,460,2002-01-23	,34,26
54565,7635,2015-11-10 02:02:28,1981-03-02 13:47:41,124,1980-02-01	,16,86
83101,45832,2002-06-29 20:35:40,2013-08-22 13:51:31,794,1989-05-19	,58,59
30241,35217,1973-05-09 11:58:06,2012-01-22 09:37:50,504,1986-04-18	,77,43
30744,12519,1970-03-10 04:23:52,2022-03-24 02:11:07,722,1982-01-09	,180,53
32938,28587,1999-05-07 21:22:40,2000-11-24 04:36:15,720,2004-12-27	,177,110
43079,18032,1983-01-31 10:39:04,1985-03-30 19:53:13,646,2002-12-19	,104,190
18876,28461,2008-07-04 22:26:00,2017-02-16 01:57:23,809,2034-08-27	,182,23
20045,45628,2030-02-16 06:44:02,2032-09-27 16:06:05,89,2023-03-06	,38,84
35318,31019,2029-05-20 19:56:21,1974-12-23 13:09:10,134,2021-06-07	,125,113
11644,40817,2023-09-19 11:16:23,2021-11-05 07:12:57,301,1991-01-18	,142,98
87853,13778,1982-05-23 01:32:24,2016-10-06 19:52:35,225,1976-04-02	,161,85
440,34345,1993-09-08 07:36:07,1976-05-16 09:32:21,468,2006-07-23	,102,165
15756,19244,2030-11-18 11:48:37,1989-11-17 09:42:40,140,2005-04-19	,172,51
33504,32340,1971-04-18 07:15:07,2013-04-07 23:02:16,957,2019-08-04	,25,167
427,15368,2005-07-06 11:07:18,1985-08-24 19:08:46,399,1992-02-17	,131,81
1206,204,2003-11-03 20:08:54,2002-09-10 16:19:11,541,1970-08-25	,60,140
39440,9828,2037-06-08 00:39:09,2006-06-01 02:52:39,715,2027-09-25	,159,10
49518,40562,2016-09-09 18:13:39,2000-09-16 15:51:49,540,2025-03-21	,57,109
11880,40387,2022-09-06 02:50:05,2005-04-03 00:28:02,133,1999-04-10	,185,29
43423,20947,2012-07-23 01:37:31,2036-05-20 08:01:46,428,2033-02-07	,135,165
12387,33264,1994-05-12 11:47:02,2027-02-08 07:31:14,514,1980-03-22	,178,1
96144,28780,2001-04-24 04:28:24,2004-02-13 19:18:02,387,2020-10-07	,9,101
55375,40986,1971-08-17 15:19:24,2016-09-23 04:53:03,250,2034-05-07	,167,137
36450,22851,2014-11-20 01:21:31,2023-12-18 06:55:48,384,1992-09-21	,123,102
99919,48690,1993-08-21 11:26:39,2004-11-24 20:12:25,124,1986-02-12	,104,17
81242,49090,2009-12-07 13:14:48,1983-07-29 13:42:07,728,2013-01-13	,141,56
45210,36459,2035-11-21 01:51:47,2017-10-08 08:11:17,675,2024-06-06	,77,7
25686,2280,2026-08-19 11:07:44,2013-08-20 00:52:22,379,2000-06-27	,30,76
42183,24837,2030-09-02 23:28:53,2007-02-22 20:11:48,734,1998-02-14	,126,109
39502,10905,2020-09-22 20:14:51,1978-05-11 14:31:06,851,2000-09-02	,81,60
17990,18628,1970-04-24 09:13:29,2028-02-28 02:58:05,172,1996-07-31	,179,86
43621,36303,1974-10-18 19:30:19,2025-07-06 12:52:53,174,1984-12-17	,39,119
71660,4301,1979-08-25 07:37:49,2000-08-19 18:28:01,499,2022-08-09	,200,179
99113,37078,1971-03-01 18:37:44,2027-04-10 18:50:44,192,1998-09-06	,28,74
79402,7439,1985-06-08 17:00:52,2035-10-08 00:57:26,539,1978-03-19	,79,196
84675,23310,2023-11-07 18:52:38,1971-06-02 23:19:34,686,2037-01-31	,123,80
7181,37925,2028-01-13 23:10:15,2008-11-11 04:57:27,532,2027-10-09	,93,105
59050,24122,1994-10-16 09:27:53,2023-04-09 08:19:55,904,2004-08-09	,31,140
65729,19089,2015-03-18 06:33:36,1983-05-21 10:04:03,502,1974-02-01	,34,70
52626,48180,1995-03-08 19:26:13,1984-06-13 11:10:15,950,2037-02-25	,123,4
74531,23390,2010-04-22 08:57:11,1988-11-03 02:45:00,317,1973-12-03	,160,182
54007,8189,2016-12-16 01:21:24,2000-03-18 11:04:12,672,2027-07-03	,28,66
22679,40310,2005-10-24 10:28:02,2019-08-18 01:13:55,867,2017-07-15	,15,78
66212,22427,2011-02-28 04:05:33,2011-08-13 06:30:11,435,1984-12-16	,127,36
68762,11250,2001-02-18 06:04:40,1970-04-19 15:49:47,282,1987-06-28	,183,165
42079,30083,1988-02-23 12:19:09,1976-05-02 20:13:35,447,1997-10-19	,84,135
21467,47448,1997-05-28 18:35:58,1975-07-05 08:54:06,648,2002-09-30	,95,62
92974,3912,2032-09-06 00:53:30,1994-11-05 00:45:21,298,2007-09-09	,109,198
77881,161,2037-05-17 01:47:03,1974-03-08 04:08:16,260,2031-05-12	,177,136
50333,7538,2022-09-05 16:52:50,2034-08-25 11:19:28,559,1983-05-24	,125,155
14573,1308,2028-03-04 19:35:23,2023-12-24 02:31:01,507,1992-05-04	,20,87
40654,1193,2024-08-03 10:32:02,2017-12-13 05:16:11,578,1993-09-04	,138,71
35113,34018,1998-06-10 23:45:16,2011-08-09 11:40:53,582,1990-07-23	,58,17
45285,3324,1972-05-28 22:24:26,1970-10-29 04:18:38,263,2014-11-01	,157,82
68499,32046,1983-10-05 20:25:33,1983-02-03 07:40:58,970,1990-10-03	,126,75
32886,21583,1975-06-21 08:11:12,2031-09-10 10:54:11,780,2022-06-11	,52,26
45100,34049,2020-06-30 18:53:42,1972-03-31 23:10:54,984,1972-05-05	,23,87
10090,7687,2000-06-27 12:06:09,1994-10-13 20:31:14,813,1985-12-05	,155,100
87499,48770,2016-12-12 23:36:35,2027-06-13 16:30:50,280,1991-09-26	,44,122
75104,15015,2005-02-05 20:02:28,2006-02-09 03:29:58,71,2022-12-31	,132,104
45980,20167,2007-10-08 03:12:59,2000-02-20 05:04:22,438,2015-10-28	,176,108
82711,16338,2031-06-10 10:09:27,2013-07-13 04:23:43,561,2016-01-02	,27,87
65142,41357,1989-01-20 17:51:34,2033-05-29 22:23:39,146,2004-01-09	,108,180
80025,2840,1999-02-19 21:09:13,2029-04-14 20:27:57,836,1976-02-02	,79,59
49277,47407,2020-03-29 01:37:43,2033-04-28 12:08:11,622,2011-12-28	,94,90
94379,18602,1976-01-03 21:30:38,2004-05-04 08:21:07,48,1985-05-06	,189,140
5261,11022,2012-12-16 11:24:45,1983-07-21 14:21:15,721,1981-09-22	,19,104
22910,26242,1996-08-31 04:45:01,1974-05-28 20:28:28,614,2023-06-02	,72,21
73311,4921,1972-07-23 03:27:45,1994-02-17 10:59:17,716,2004-06-26	,161,132
87881,44573,1981-02-24 16:33:07,2033-01-27 11:16:17,117,1977-02-05	,125,34
32472,12881,1995-02-02 15:37:27,1973-01-26 04:25:07,430,2001-09-01	,113,132
99021,47879,2019-04-02 22:41:50,2011-02-19 18:21:09,743,1975-09-17	,143,95
18232,37456,2026-07-02 01:28:58,2031-02-04 14:35:47,256,2013-02-08	,111,27
52488,36044,1974-03-11 05:24:08,2013-09-04 11:24:42,825,2016-10-24	,163,30
94554,9002,1983-04-09 10:35:18,1995-07-21 01:05:56,646,2021-10-08	,6,127
71830,37911,1986-05-04 23:22:47,2001-05-12 17:12:52,842,2034-10-05	,188,4
70077,38338,2032-10-04 06:33:06,2035-02-07 02:34:39,400,2002-08-13	,18,185
20013,7646,2008-07-30 05:41:02,1971-09-21 16:35:18,841,1995-09-28	,35,158
55829,18507,1981-01-05 02:35:23,1983-11-11 21:40:07,131,1983-05-11	,168,170
95452,3970,1991-02-05 20:35:53,2024-03-18 10:29:57,31,1986-10-11	,165,147
1330,37166,2016-11-07 18:54:42,1998-02-20 14:06:02,222,2023-01-26	,68,84
93279,45274,2000-06-26 19:27:42,2022-08-24 10:17:56,283,2012-05-28	,112,169
99331,36090,1973-02-09 17:35:08,1978-06-14 11:58:07,919,2030-03-23	,195,175
96442,14169,2015-07-18 00:32:34,2037-09-28 18:43:34,530,2003-05-14	,146,109
23361,20790,2035-02-08 08:54:58,2001-01-16 10:56:40,195,1990-02-04	,176,25
20075,16343,2031-05-21 22:54:58,2002-12-20 09:49:35,950,2001-06-11	,65,189
18384,18607,1974-08-05 09:19:40,1976-12-08 15:26:01,257,1972-10-11	,195,44
32421,32189,1984-10-08 12:27:27,2028-02-15 12:39:09,134,2034-04-06	,79,73
36015,17703,2026-01-24 15:47:16,2007-10-28 21:08:26,649,2017-10-28	,137,170
2960,29316,1992-10-07 14:25:56,2036-08-30 09:26:32,48,2014-12-25	,185,46
3316,49520,1992-09-27 01:43:16,1989-10-03 20:52:46,31,1991-01-03	,102,71
95245,36446,1984-04-05 22:37:15,1975-11-21 14:31:47,673,2011-04-21	,91,6
96098,13905,2010-02-05 01:30:39,2011-07-14 19:29:49,981,1988-08-11	,92,2
85979,39749,2037-05-17 01:40:50,2031-10-20 07:08:44,456,2032-02-17	,28,98
90337,23724,2023-01-17 03:37:25,2033-08-07 15:42:49,783,1989-10-29	,58,147
2026,24980,2025-12-11 22:37:50,2017-03-12 11:53:22,106,1988-10-21	,146,13
55444,15806,2016-02-16 06:56:53,2006-06-05 15:45:12,590,1979-05-30	,109,90
93323,26789,1994-05-01 19:42:53,1996-06-27 06:35:22,449,2003-11-19	,176,70
97238,32893,1989-07-06 12:49:50,2021-05-31 21:42:46,950,2009-04-01	,98,194
7635,15662,2015-02-12 23:54:46,1982-06-12 12:30:02,590,1996-07-14	,50,28
70605,46410,2016-03-24 05:57:09,1990-02-13 08:48:16,66,1985-04-25	,149,200
76082,5128,1996-06-18 10:11:00,1984-04-06 02:21:29,601,1988-03-09	,112,115
92512,42421,1992-05-06 18:04:23,2029-07-01 22:43:25,425,2025-10-07	,169,100
13273,25341,2016-07-28 23:53:58,2019-02-26 10:07:46,897,2033-08-11	,174,121
86295,27282,2031-02-20 12:24:07,2033-03-30 19:59:42,771,2013-10-15	,186,106
74604,15894,2020-06-06 11:01:23,1993-07-31 08:37:44,585,1990-08-09	,184,102
15117,12385,1996-03-04 05:04:25,2009-03-22 02:37:22,67,1985-07-18	,15,40
73524,38114,2032-10-04 19:59:46,2013-01-02 20:08:07,697,2023-08-31	,47,112
33423,6658,2003-04-21 05:20:26,1977-02-20 14:25:08,777,1998-06-21	,127,105
73626,18873,2029-02-23 05:41:50,1991-11-15 09:48:47,680,2023-08-29	,167,167
3620,10812,1997-09-30 17:33:40,1977-01-14 01:59:31,445,2003-01-18	,60,36
24788,11279,2025-04-01 05:43:52,2034-04-21 02:05:53,14,1973-03-04	,101,70
17979,49713,2000-11-06 08:47:30,2035-02-01 05:05:49,413,1976-02-09	,96,29
46719,17413,2002-01-02 06:03:02,1980-01-13 07:38:45,136,1990-07-19	,196,34
51819,19329,1988-10-21 22:20:53,2035-07-10 18:16:20,873,2009-06-13	,28,24
80528,47731,1974-06-04 05:55:01,2025-10-06 15:17:57,1,2008-10-12	,33,36
56414,31059,1979-05-10 11:38:24,2036-06-21 02:09:08,711,2011-12-16	,25,35
96481,29798,1992-02-25 17:47:26,1976-11-29 05:34:03,898,1990-09-17	,55,83
69092,27543,1995-10-15 15:40:13,2008-04-27 06:46:41,130,2005-07-02	,137,188
47629,37408,2021-05-25 14:07:57,2002-06-30 23:33:08,318,2032-10-26	,132,177
54431,39800,2028-06-14 19:42:04,1987-05-15 08:11:41,412,2037-01-02	,87,75
58061,37941,2002-08-04 05:35:52,2002-07-25 17:00:29,63,2021-04-09	,179,151
30427,13677,1991-08-02 16:19:57,1999-08-04 20:48:03,796,1970-01-09	,74,54
74852,6296,2020-12-21 14:07:37,1974-07-13 13:19:06,49,1997-09-26	,190,119
20358,40386,2027-09-30 17:37:16,2011-12-06 02:15:46,793,1989-03-08	,199,74
4068,23619,2027-12-11 17:47:08,1977-01-24 23:53:18,226,2020-10-09	,172,106
1963,8754,2035-08-30 14:18:01,2025-06-14 18:24:42,175,1992-11-01	,17,185
46148,41772,2037-05-28 22:42:08,2004-09-28 16:05:40,243,2033-12-02	,20,89
74700,47625,1974-04-09 06:50:58,2006-09-14 21:51:17,234,1973-10-29	,183,55
52858,38190,1995-10-14 15:54:12,2021-05-03 00:30:14,510,1986-02-11	,57,106
41190,12466,1993-06-09 04:20:49,2009-12-20 14:49:36,585,1999-04-26	,102,9
26621,25092,2007-11-24 09:37:13,2004-08-27 00:36:15,441,2014-12-20	,192,37
61329,927,2019-07-04 21:17:49,2027-09-07 21:58:21,74,2013-07-16	,24,121
40361,25081,1994-05-06 04:46:41,2032-03-01 05:46:45,739,2013-09-12	,89,30
89147,39372,2020-03-14 00:42:53,2002-06-01 05:40:27,218,1986-12-11	,105,97
75083,3977,2037-08-14 11:16:05,1983-01-24 06:26:09,741,2034-08-12	,76,71
96804,5378,1983-09-13 05:34:08,1972-11-30 00:12:40,748,1992-01-19	,129,30
82564,193,1974-05-22 23:34:56,2008-05-21 02:44:35,646,2004-07-15	,143,108
29495,22603,1970-12-10 01:23:26,2004-12-02 18:02:49,701,2006-07-04	,200,90
61601,49562,2013-10-24 22:39:40,1994-04-02 02:25:50,941,1971-08-18	,142,182
13150,45564,2034-10-03 06:26:30,2029-10-23 00:52:38,235,2010-09-04	,6,12
60158,4718,2012-07-13 03:24:05,1986-11-07 02:45:52,602,1993-02-04	,157,180
79145,39944,1997-11-25 14:29:39,2003-07-08 06:14:13,335,1997-09-26	,189,191
39882,29411,1990-12-09 13:49:59,1993-02-08 06:12:29,612,1971-03-15	,49,149
92892,9992,2012-05-13 20:04:37,1981-03-05 02:22:24,798,2014-05-26	,45,80
74681,42505,2014-01-04 22:03:22,1993-09-23 22:20:40,189,1999-05-21	,49,197
23068,32776,2002-03-20 18:54:13,2008-07-08 10:52:16,63,1998-06-07	,103,92
602,41252,2024-07-16 12:42:16,2012-01-26 00:58:28,843,1973-05-21	,72,155
24960,49221,2033-09-06 10:47:47,1973-03-18 06:10:56,637,1980-12-13	,89,77
1099,4652,2019-11-02 08:54:09,1983-08-23 11:47:06,525,2036-07-18	,36,151
63339,32739,1991-11-19 06:52:33,2017-05-25 15:45:51,72,2027-02-02	,31,15
66394,47995,2017-06-01 14:00:28,2004-06-23 08:45:05,9,1973-12-28	,55,52
4302,10701,1990-11-07 11:25:48,2016-04-07 05:44:10,375,2021-03-22	,12,77
84575,39792,2009-11-26 10:40:03,1995-03-22 09:47:41,774,2022-03-31	,25,81
42252,22384,1977-01-18 21:27:28,2003-09-10 18:29:23,286,1987-10-31	,115,191
22190,13523,2001-02-09 18:07:33,1985-10-03 20:08:36,329,2020-01-17	,98,74
94941,39858,1973-07-16 00:42:18,1992-01-27 11:25:16,550,1977-11-10	,142,79
91133,14831,2022-02-20 22:14:50,2016-08-13 16:54:35,64,2030-09-22	,18,97
34002,9786,2036-10-28 07:20:57,2012-08-22 18:04:34,458,2007-10-25	,116,136
82614,1715,2032-01-03 06:39:52,1980-07-25 04:56:18,770,1997-05-09	,105,144
19908,28966,1972-12-15 13:55:12,2020-12-18 22:53:41,695,2021-04-16	,29,121
5030,45536,1989-10-24 23:46:33,1977-10-21 05:20:39,803,1996-01-31	,120,28
57901,29177,2022-05-18 22:29:52,1972-07-02 11:44:57,139,1993-08-08	,143,194
38114,31378,1978-03-16 16:21:11,1980-04-06 23:13:25,29,2014-02-02	,174,45
22722,45668,2036-07-09 01:35:03,2032-09-29 03:43:13,667,1978-04-22	,106,144
3275,40966,2026-08-14 23:56:07,2026-11-17 02:45:15,202,1999-07-04	,196,157
1710,37429,2025-09-09 20:41:47,1980-08-21 02:42:12,95,2006-05-23	,24,95
16231,12110,2012-09-10 20:11:33,1983-01-20 02:28:46,890,2003-11-04	,84,23
41067,19893,1972-09-05 05:19:30,1975-04-16 12:11:19,520,2008-08-14	,159,111
38683,31354,1996-06-08 00:04:51,2010-02-10 14:32:41,60,1994-12-31	,74,15
11590,9471,1985-12-05 10:50:10,1984-05-19 08:08:20,724,1994-03-16	,138,178
59790,15762,1975-04-30 22:53:16,2003-03-18 17:09:26,813,2003-12-08	,121,44
89651,32235,1990-06-24 22:29:26,1998-05-03 19:19:01,212,1976-07-13	,194,120
72306,17874,1982-10-29 11:20:46,2023-05-02 01:39:44,725,2008-01-29	,173,168
74896,4774,1973-07-17 05:52:23,2002-03-14 03:31:58,451,2020-05-08	,72,9
5514,21896,2006-07-20 23:41:52,2029-01-18 02:47:25,937,1979-09-11	,18,167
78715,19594,1986-12-24 02:18:23,2038-01-03 01:46:50,488,1984-11-14	,120,42
57602,39343,2037-09-07 14:19:26,1990-06-22 07:11:07,346,2028-04-03	,28,19
95156,9678,2008-09-07 16:54:45,1997-05-29 12:23:38,934,2033-02-27	,90,198
36605,49448,2028-04-10 05:08:20,1990-08-05 21:05:54,131,2034-06-18	,27,184
33914,19260,2032-06-18 13:11:01,2026-04-12 09:29:23,604,2005-02-18	,7,36
30312,1627,2002-09-14 17:58:10,2014-03-14 13:31:06,889,2012-05-02	,149,168
81569,15665,1986-07-14 00:05:23,2020-12-24 11:13:12,241,2017-04-12	,148,122
68372,29705,2031-12-07 18:44:23,2025-06-20 22:16:38,541,1973-02-12	,147,176
43101,32578,2018-02-23 04:35:39,1972-05-13 08:05:43,168,2020-09-22	,43,94
77798,34752,1978-03-14 05:25:45,2015-05-13 09:09:59,317,2028-11-19	,101,26
17861,37485,2030-01-08 07:10:07,1998-08-02 08:51:39,444,2012-03-05	,5,25
21387,46882,2034-03-11 14:12:13,2021-05-24 12:58:17,984,2016-01-25	,127,83
32850,17162,2000-07-26 09:26:42,2003-10-11 15:57:53,88,2015-03-01	,194,174
35868,4388,2006-04-15 21:09:15,2015-12-29 04:26:25,954,1972-09-21	,162,26
78970,34534,2007-07-19 03:55:30,1985-12-07 22:14:18,310,2009-06-02	,72,105
51686,15280,1989-01-09 13:03:48,2004-01-18 01:19:36,983,2032-04-14	,183,62
25853,18196,2024-12-11 00:33:07,1993-08-17 19:02:50,27,2022-09-20	,42,77
86246,37355,1974-03-24 04:07:03,2025-06-30 23:07:46,787,2029-04-04	,190,115
56145,24946,2025-03-09 01:42:23,2029-05-02 10:10:54,78,1981-10-16	,79,119
47887,33790,1976-06-27 02:53:39,2001-05-26 20:18:49,591,1970-09-07	,155,170
37397,28994,1983-05-24 20:23:26,1997-04-29 02:11:46,354,1997-12-11	,158,43
15774,42493,1972-03-20 01:48:01,2034-04-19 02:21:01,721,2036-09-02	,104,56
47865,16628,1980-06-24 01:48:04,2007-11-22 14:28:54,506,2007-06-11	,30,197
22599,12357,2000-05-11 06:32:07,2025-08-08 12:25:00,257,1984-11-16	,134,126
79847,43175,1972-03-23 10:27:37,1980-05-31 22:35:28,274,2025-10-31	,74,86
67031,20131,1995-08-21 13:50:08,1996-08-08 12:49:21,382,2031-02-18	,135,173
23090,41348,1998-06-08 03:56:38,2020-02-19 10:55:33,377,2008-10-06	,145,121
81679,8376,1998-08-06 19:40:33,1975-01-13 16:58:48,386,1975-12-01	,141,37
95040,36891,1992-12-22 19:25:14,1985-04-13 02:27:22,558,2018-02-27	,131,45
11031,1657,2012-02-27 15:25:19,2003-07-12 15:02:10,932,1989-11-26	,71,32
11944,38576,2031-03-09 19:07:20,2003-10-18 07:25:33,341,2012-03-24	,20,31
78806,25999,1985-10-13 08:52:55,1981-11-08 01:53:36,607,2033-10-07	,72,112
67486,34819,2023-03-16 07:07:57,1985-11-12 13:06:20,404,1999-10-28	,92,103
47139,4059,1970-06-25 15:36:25,1997-06-01 21:48:37,374,1994-07-20	,113,99
13226,23220,2037-05-08 18:17:20,2002-03-21 03:30:47,85,1976-02-03	,126,175
60946,43165,1973-03-18 01:49:52,1984-09-21 08:25:29,801,1997-08-15	,155,95
10228,27772,2018-03-15 12:21:36,2004-06-16 18:17:19,994,1981-07-28	,4,93
25121,1390,2029-01-24 12:29:50,2012-07-10 18:28:34,388,1999-06-26	,23,104
89765,5386,2037-08-29 13:23:54,2036-11-12 03:51:13,197,2012-07-29	,171,162
48891,45136,1971-07-26 19:11:03,1989-09-07 04:49:37,308,2024-03-18	,153,82
35206,23638,2032-06-02 20:41:33,1993-07-12 18:53:04,643,2033-10-31	,162,179
96583,33940,2005-04-23 19:59:48,1994-02-12 12:21:20,112,2013-05-04	,175,1
74460,43474,2037-07-11 02:38:44,2034-02-02 16:09:11,495,2027-09-12	,150,197
75055,38573,1988-08-05 22:58:35,1974-01-10 14:17:39,568,1972-07-25	,94,184
51044,19367,1988-02-05 00:50:36,1980-06-05 06:49:42,325,1975-03-23	,9,58
75553,28304,2013-12-06 14:36:39,2029-01-14 17:52:41,203,2005-06-10	,176,190
39027,43477,2030-07-10 05:23:09,2030-04-02 06:31:48,718,2013-05-28	,174,94
40928,7132,2005-11-13 12:41:35,2036-07-05 16:04:12,180,2037-11-09	,180,138
38447,8170,2027-06-08 18:05:59,2018-04-21 18:46:58,240,2030-08-25	,0,200
45728,32328,2028-09-29 04:28:14,2014-12-06 07:46:12,167,2020-05-23	,122,112
61005,24857,2000-02-23 10:52:23,1992-04-12 23:33:35,135,1991-04-05	,159,109
45503,16119,2005-06-30 20:44:18,2013-03-28 03:58:49,319,1998-07-10	,65,141
58254,8507,1998-02-28 18:25:48,2025-12-25 22:59:03,61,1998-03-25	,164,104
6136,34080,1982-03-04 13:11:15,1985-07-25 15:12:18,422,2023-07-14	,158,6
28379,11464,1994-06-21 04:33:17,1998-07-01 13:05:18,542,1980-07-16	,193,200
47728,24231,2013-01-05 00:13:15,2024-03-22 22:15:55,904,2035-03-17	,100,97
12834,45733,1991-01-10 13:42:29,1982-11-28 17:58:31,329,1978-08-31	,142,78
80892,44358,2012-02-28 14:57:18,1985-09-21 09:06:23,674,1997-08-14	,52,192
63514,31138,1995-08-12 18:43:53,1982-01-12 13:25:38,778,1993-02-04	,34,51
82400,40278,1973-07-09 17:25:17,2019-07-11 09:46:27,764,2007-08-08	,43,179
46718,26150,1975-07-27 01:30:43,2024-03-18 17:46:48,650,2023-10-08	,37,92
67726,40350,2016-12-22 00:59:13,1993-11-21 21:15:21,213,2034-11-19	,62,170
57621,34252,1971-09-09 00:38:01,1994-01-30 00:12:26,24,1983-06-30	,122,170
383,33025,2009-03-17 16:24:18,2022-03-27 21:50:43,213,2023-10-10	,132,136
31320,37075,2002-06-14 11:06:15,2035-07-27 21:07:46,532,2015-03-17	,84,41
47132,5653,2008-02-08 01:32:24,2016-07-23 04:55:50,66,2029-02-09	,106,129
55363,27846,2037-10-26 06:05:43,2009-05-03 12:43:02,755,2011-03-12	,85,152
26583,131,2005-11-02 20:38:14,2002-08-03 06:21:45,793,1982-09-06	,31,21
92785,31797,1974-09-25 23:57:12,2001-04-07 18:14:29,300,2003-07-04	,134,155
60540,11411,2001-01-05 19:03:45,2015-09-22 22:37:59,96,2037-03-24	,63,130
54482,15562,1985-07-20 12:20:57,1990-06-02 08:34:18,917,2014-07-28	,11,36
65758,29286,2015-01-01 04:58:29,2000-08-25 23:24:01,772,2025-10-29	,111,140
45628,31300,1980-11-05 00:14:00,2021-06-26 00:10:15,118,2026-04-28	,106,145
5589,49194,1996-12-04 07:33:25,1980-05-23 21:23:14,972,2018-05-04	,161,103
2156,1583,2025-07-28 04:24:01,2033-11-03 22:21:23,687,2029-08-04	,24,69
46140,39092,2024-01-28 09:26:45,1985-11-20 20:04:45,602,1993-11-21	,187,11
97704,4636,2025-06-18 11:17:10,1976-06-28 11:45:12,921,1993-05-08	,164,196
32701,10738,1978-10-12 17:34:09,1990-05-02 03:34:36,926,2033-06-08	,163,190
96386,31599,2030-03-18 23:57:01,2014-04-08 01:01:25,508,1970-05-14	,199,194
78722,39466,1983-10-13 18:28:20,1996-07-01 22:03:15,140,1979-04-01	,90,23
22863,13145,1984-06-24 12:18:56,1980-02-22 08:40:34,606,1972-03-03	,25,187
24664,12717,1985-10-10 23:23:51,1981-09-08 11:04:10,186,1973-03-18	,23,30
67915,159,2024-07-01 20:59:50,1982-09-18 07:00:03,8,2024-02-21	,31,159
58489,17919,1982-08-08 17:48:02,2019-05-10 06:35:21,494,2013-01-29	,169,145
89597,2770,2029-05-03 14:56:01,2004-02-29 11:31:39,87,2037-11-12	,87,67
25163,33344,2004-05-30 07:31:19,1999-10-26 13:59:58,714,2012-06-19	,118,79
62723,19471,2009-06-21 07:12:58,2013-04-07 13:23:24,185,2020-01-29	,86,154
9426,30837,2003-09-11 07:33:31,2010-01-19 12:39:01,250,1992-12-26	,62,29
39318,9171,2014-01-30 07:09:12,2002-09-12 06:55:50,180,1975-08-21	,163,86
74969,16003,2029-03-28 04:54:34,2001-07-23 06:05:21,945,2001-03-28	,172,114
84845,21847,1984-02-04 16:20:15,1972-04-10 20:28:36,172,2013-06-17	,161,53
25538,14920,2028-03-23 18:33:03,2004-05-18 07:50:51,636,1981-05-16	,130,5
35051,14935,2004-09-10 21:52:49,2006-02-24 10:17:04,381,1992-01-24	,193,26
64428,41702,2010-06-27 01:31:23,2010-01-15 08:19:01,293,2000-10-01	,32,28
88880,18340,1981-11-26 20:54:12,1974-03-12 09:18:03,5,2036-07-26	,66,52
27662,9215,2022-02-16 14:51:51,2032-02-12 20:50:00,351,1998-05-17	,189,141
71565,22599,1985-11-12 10:54:41,1976-08-11 21:54:55,776,1983-05-21	,45,84
3069,41164,1970-08-09 12:59:56,1992-01-13 01:47:01,275,1981-06-22	,93,32
53538,32009,1985-05-07 19:10:15,2006-10-21 18:42:24,619,2007-09-19	,161,179
73854,28385,2024-12-21 17:24:57,1976-02-14 11:09:28,985,2021-01-13	,159,140
20196,1248,2024-04-08 03:37:38,2036-07-25 16:36:40,221,1971-10-04	,80,50
84909,20376,2009-03-16 00:51:13,1978-06-15 10:36:22,576,1972-10-24	,57,22
68154,25684,2014-05-23 15:53:34,1990-05-31 00:10:14,67,2000-11-23	,39,162
2171,139,2030-12-31 06:49:51,1970-06-08 09:42:56,753,2016-10-31	,142,191
71319,25207,2033-06-26 13:25:40,2033-08-13 11:52:40,530,1992-07-25	,37,76
73910,38164,2004-03-31 09:32:39,1991-06-14 09:05:54,805,2023-11-09	,85,97
30506,3950,2023-06-30 11:16:19,1995-05-19 21:12:58,533,2036-10-05	,36,111
98384,3787,2008-03-07 23:32:07,2020-02-16 10:37:10,764,1988-03-22	,138,95
77190,31212,1998-01-13 16:34:56,1990-07-17 14:52:17,956,2010-10-09	,136,139
36241,9206,1970-09-08 22:31:11,1981-05-14 18:47:00,976,1999-09-22	,131,56
51577,21964,2014-06-22 13:33:03,1973-04-27 09:50:01,420,2026-09-06	,121,81
90865,8229,1979-07-31 18:49:04,2015-10-09 12:04:56,432,2026-08-17	,30,41
45634,28085,2004-06-10 02:51:48,1998-01-17 20:31:33,161,1982-09-22	,21,105
37110,5856,2016-12-22 10:50:09,1993-08-03 08:27:28,554,1993-05-17	,126,14
78277,14036,1978-01-23 00:36:57,1983-10-27 21:52:54,113,2019-02-16	,122,4
88652,37401,2017-04-14 17:22:38,1991-09-13 10:40:06,580,2027-06-23	,105,7
40629,1459,2000-07-11 21:05:20,2008-08-05 07:43:32,216,2007-10-24	,18,118
67275,39035,2033-07-21 02:44:16,1985-06-04 13:32:19,124,2008-03-07	,59,182
84180,20738,1977-06-27 19:40:51,2035-01-07 00:28:48,136,2018-10-24	,196,4
46529,33626,1993-04-12 12:37:36,1973-02-02 15:48:36,517,2028-11-16	,16,185
89438,26522,2003-05-20 04:37:59,1977-07-10 19:03:52,86,2009-07-13	,140,152
36161,31586,2037-01-23 04:18:15,2003-01-22 06:56:50,192,1989-03-06	,78,6
69656,25137,2037-05-15 20:33:15,2026-09-14 20:17:50,220,2035-11-07	,172,137
64020,9927,2019-09-23 08:53:31,1980-09-14 21:23:05,63,2025-04-18	,16,192
34303,28561,1974-09-03 17:06:07,1999-03-15 08:45:16,152,2022-02-28	,37,103
39820,8669,2038-01-07 14:07:54,2010-03-21 07:57:53,455,1996-09-10	,125,30
89500,30780,2037-01-11 11:07:52,1977-10-30 01:01:21,583,2027-04-07	,160,44
4003,26553,1995-11-30 06:08:23,1977-01-23 05:15:37,343,2001-05-27	,12,138
3268,6527,1977-11-17 14:48:05,1982-07-31 00:59:13,897,1990-09-01	,140,59
47709,34906,2030-04-23 07:38:03,2033-06-11 00:10:57,90,2004-10-30	,16,198
12740,3451,1976-10-31 04:19:55,2018-05-12 23:46:31,911,2031-04-18	,187,191
43179,15746,1973-09-11 18:24:52,2022-10-08 20:45:09,777,1977-11-27	,92,162
24672,28895,2037-08-20 14:58:30,1979-10-14 03:43:24,882,2017-02-14	,88,72
39058,16260,1989-10-19 15:50:17,2002-09-24 02:13:04,837,1995-07-09	,93,193
44400,28335,2015-12-10 14:19:42,1994-02-15 06:53:15,467,2011-06-17	,61,180
92415,17967,2015-11-29 19:32:23,2017-09-02 23:41:21,475,1979-04-23	,102,145
71467,25175,2028-12-06 18:00:16,2010-07-29 23:09:21,196,1990-10-03	,191,117
63020,12293,1974-08-06 01:34:56,2001-10-17 18:56:48,621,2006-04-30	,86,13
10050,5336,1998-07-15 22:12:57,2008-08-25 01:47:38,716,2019-04-18	,93,128
8372,7090,1993-03-07 20:29:32,2008-01-22 02:38:52,278,2027-11-11	,56,199
35375,7374,2010-02-12 00:36:49,2007-05-30 20:44:12,452,2007-01-18	,27,16
79029,10190,2007-06-03 20:17:18,1997-12-23 15:06:25,738,2036-10-17	,95,168
8825,44766,1997-08-19 22:05:05,2024-09-23 00:21:43,620,2029-06-03	,89,141
1501,39249,1987-11-16 04:33:53,1989-12-24 08:18:16,635,2007-01-11	,57,198
69163,43817,2006-08-29 20:44:14,1979-10-23 03:06:31,421,2015-12-08	,45,42
87883,38835,2012-05-03 18:30:39,2011-12-14 00:04:45,758,1976-09-04	,91,170
99343,43033,2014-04-13 04:33:48,2011-09-21 22:47:59,734,1976-06-19	,63,150
87999,28958,1972-11-21 12:16:12,2005-01-22 18:16:15,123,1992-05-29	,101,163
20563,2145,2035-04-07 06:07:58,2012-08-16 17:44:17,718,1982-08-25	,168,119
96254,22978,1984-07-04 18:44:30,2019-01-18 14:08:30,558,2015-06-11	,114,110
52842,10896,1981-03-05 02:49:06,1987-11-06 22:58:50,313,2002-09-18	,2,38
5986,2680,2018-03-11 06:20:58,1982-06-19 09:53:06,383,1984-06-13	,200,118
25524,47856,1984-08-16 19:55:25,2036-03-22 20:46:14,143,1973-07-24	,114,21
51187,39154,2026-03-24 16:54:39,1974-09-25 08:08:22,451,1996-10-11	,124,196
61142,39241,1986-06-09 04:07:37,2032-11-26 04:51:10,265,1987-03-13	,23,65
30627,41273,2004-08-09 15:58:40,2016-11-24 21:32:16,37,2004-06-22	,55,58
46373,24632,1988-02-11 23:53:22,2011-04-15 11:08:30,545,2026-11-23	,143,11
61913,26922,1978-08-07 14:37:43,1974-10-05 21:04:39,932,2020-10-31	,9,109
53179,14536,2001-10-29 19:40:31,2024-04-04 04:30:37,543,2009-10-23	,24,170
41045,31560,2006-09-02 11:00:56,2000-07-03 03:22:37,137,2025-07-27	,148,120
30922,372,1984-03-03 15:53:25,2028-02-16 16:37:41,844,2032-08-20	,183,92
45885,1867,2006-03-30 17:48:44,1996-08-04 22:31:14,785,2009-08-04	,187,63
87252,20091,1977-09-19 21:34:15,1998-04-21 16:34:32,987,1986-01-25	,53,79
86730,40222,2027-07-16 03:42:45,1970-05-08 00:48:32,621,2009-12-06	,121,186
59421,40744,2023-05-19 20:06:59,1999-10-15 17:03:59,736,2017-04-28	,180,39
73276,21647,2009-10-21 10:41:08,2005-03-10 01:48:22,14,2005-04-27	,167,178
92086,47330,1990-08-19 11:54:20,2031-10-08 07:12:05,182,2008-09-14	,61,10
37319,7521,1973-10-01 04:13:57,2037-08-28 09:21:57,737,2015-01-12	,185,66
47661,35443,2022-05-04 22:24:43,1984-06-02 23:29:13,404,2015-07-24	,81,27
10242,49549,2014-07-06 23:34:37,1977-12-22 06:17:55,510,2003-02-28	,0,86
43388,15380,1993-01-14 04:54:31,2011-12-16 19:15:24,877,2013-10-15	,133,50
79389,36081,1986-08-03 16:10:53,2006-02-21 04:44:27,383,1981-06-12	,173,172
87708,31581,1974-11-22 05:25:41,1989-02-22 22:47:50,301,2002-07-10	,84,81
46888,3623,2005-06-08 02:25:26,2036-08-12 11:18:49,560,2005-09-26	,82,199
83272,37414,2011-07-11 22:15:19,2018-04-03 02:50:41,392,1988-10-31	,192,37
99837,10118,2018-10-09 16:23:56,1995-12-23 16:04:49,370,2009-05-31	,48,49
21080,15677,2005-12-31 03:44:20,2004-11-01 16:16:56,792,2034-06-20	,184,52
1984,21807,1986-04-12 18:33:17,2009-06-11 07:20:02,962,2014-03-01	,115,159
39723,9173,2004-03-26 07:36:32,2023-09-09 19:10:28,460,2001-06-01	,195,92
66402,34564,2027-03-08 11:30:36,1972-05-09 21:31:04,270,1975-07-31	,56,96
39550,40562,2037-08-02 12:34:12,1982-09-21 16:02:21,759,2031-10-31	,89,156
34475,34324,1994-05-14 01:20:56,1990-10-28 21:30:56,335,2033-05-17	,20,147
11474,30151,2005-07-01 07:37:12,2009-02-15 12:51:03,64,2003-10-08	,6,146
18747,43691,2021-12-10 21:33:07,2001-02-28 19:59:18,956,1973-02-05	,188,70
85676,46618,2006-08-17 08:23:59,2011-11-16 12:00:31,841,2037-01-23	,79,37
67196,37590,2003-06-18 21:30:00,1970-07-04 01:55:34,683,2010-04-07	,148,160
19472,13085,1995-05-15 14:13:57,1987-08-27 18:21:20,758,1997-08-25	,198,190
28010,37571,1997-06-12 04:56:23,1986-01-19 14:12:46,797,1993-04-22	,118,131
27484,6267,1988-04-23 01:59:39,1977-11-18 11:14:15,110,2015-02-08	,60,157
41461,39662,2023-10-10 04:05:42,1976-08-25 04:44:19,385,2006-01-31	,179,116
79196,13415,2027-02-06 12:03:19,2007-06-03 03:25:54,675,2026-04-17	,99,191
57860,44928,1982-12-20 15:12:19,1995-07-23 02:55:36,241,2022-12-03	,5,103
90304,14913,2012-12-26 10:39:39,1970-12-11 07:41:57,962,2033-07-03	,160,75
72644,29340,2002-03-19 18:34:58,1977-07-31 10:24:04,117,1995-02-07	,138,182
63719,26506,2001-03-24 20:36:49,1991-03-21 13:27:04,357,2034-12-06	,53,188
85268,22853,1991-03-13 06:15:57,1976-05-18 03:54:58,234,1993-03-08	,122,27
63895,12062,1980-04-26 21:10:22,2010-10-31 18:46:23,174,2034-07-13	,196,181
53507,22454,1970-11-01 19:56:53,2014-05-18 21:29:32,818,2017-11-10	,112,91
23344,1002,2022-03-11 11:56:23,2010-03-15 10:37:43,975,1972-04-10	,105,166
49048,41907,2032-08-23 18:48:49,2019-05-09 15:59:20,178,2006-01-28	,173,164
77139,731,1998-06-07 04:47:54,2034-05-13 20:05:42,963,1996-10-11	,170,100
84257,42949,1980-03-19 13:59:42,2014-12-13 15:34:37,562,2018-05-27	,23,159
73129,44132,1996-04-20 02:31:50,2018-01-03 10:32:06,916,2032-02-21	,106,81
75128,22644,1978-12-19 19:13:57,2033-04-17 12:40:25,983,2037-09-10	,150,151
939,8281,2017-08-26 07:59:58,2036-03-01 09:17:59,559,2007-03-22	,94,80
40591,31017,1974-03-27 08:41:31,2035-11-20 14:09:49,331,1982-02-08	,153,12
6052,7519,2022-04-14 23:15:08,2036-06-15 23:58:27,63,1990-06-17	,77,163
75352,25743,2020-09-09 20:33:31,2020-02-14 16:26:49,510,2003-07-14	,98,104
65838,9557,2003-06-08 04:49:59,1984-10-19 23:29:23,738,2035-06-08	,124,28
58187,34070,1977-08-20 13:58:26,2032-02-29 00:25:44,860,2029-08-14	,196,184
2649,37232,2030-12-31 18:50:58,1976-02-16 21:47:15,45,1989-01-07	,181,160
79434,32488,2006-06-06 22:20:32,1990-09-07 19:57:21,142,1971-10-15	,165,160
21741,15712,1971-04-03 01:33:19,2035-01-09 09:05:40,276,2013-05-21	,20,172
31895,10585,2022-06-22 23:06:48,1982-02-17 05:30:42,87,2020-11-11	,19,22
49206,49722,1983-11-27 15:38:03,2006-07-26 18:05:35,274,1977-06-06	,67,13
75894,43574,1995-05-01 05:50:06,2031-05-06 20:33:21,898,1983-04-13	,141,23
50940,36037,1974-10-23 10:59:10,2023-06-07 19:22:06,358,1981-07-31	,129,136
38187,20696,2028-03-20 05:32:30,2001-12-17 19:27:08,161,2034-11-21	,117,131
94796,39415,1982-12-24 23:31:43,1985-02-05 18:31:39,898,2005-11-08	,58,131
39836,33116,2007-12-18 21:51:47,1990-02-24 14:09:58,858,1987-09-16	,82,73
98094,24096,1980-05-07 11:06:33,1993-01-31 15:31:39,652,2024-02-04	,3,6
20881,43598,2004-04-09 22:09:24,1995-03-11 11:34:35,826,1975-12-18	,4,155
87589,10715,2037-09-24 21:46:47,2022-08-17 22:09:28,741,1989-06-04	,86,28
94778,49382,1999-08-25 00:36:03,2024-10-18 18:31:23,248,2027-08-19	,34,45
32881,16209,2008-08-26 23:03:35,2036-10-01 11:06:31,119,2009-10-10	,2,65
45643,25924,2017-07-03 04:43:58,1989-03-09 05:19:55,606,2019-02-08	,11,96
93592,2534,1987-05-18 00:47:41,2016-01-29 13:06:26,336,2016-08-14	,164,57
67272,12614,1976-01-25 22:05:18,2032-08-23 14:41:39,99,1987-10-13	,30,86
58547,35867,1997-10-28 23:22:38,2017-12-11 13:01:29,302,1998-11-02	,6,152
94223,36524,1972-09-25 09:18:11,2007-04-25 10:24:30,452,1976-07-02	,6,77
14621,14279,1974-06-07 06:06:32,2002-10-28 17:23:16,971,2030-01-02	,154,129
13403,42770,2008-05-17 20:40:31,1985-11-14 16:53:20,116,2018-07-16	,132,141
43060,3504,1997-09-04 04:54:29,2019-11-04 08:40:39,494,1999-11-19	,98,87
16958,26541,2036-12-26 17:21:08,2012-04-21 19:29:05,626,1970-12-31	,1,155
30023,3738,1987-05-07 22:18:01,1988-06-08 08:51:59,957,1971-06-10	,183,18
87654,23911,1992-01-13 16:13:21,2037-08-03 09:55:28,191,2037-01-10	,139,125
5507,5101,1994-02-15 08:52:36,2007-05-10 04:24:19,541,2027-07-07	,197,142
37599,48467,1992-08-14 14:52:50,1970-02-28 10:36:37,984,1993-04-12	,155,57
41683,1491,2007-10-11 07:15:39,1995-05-30 00:58:25,51,2001-12-10	,93,186
94761,39385,2032-08-27 16:17:47,1979-06-20 07:20:59,773,2011-12-04	,152,166
71809,5784,1995-08-20 02:59:43,1987-08-23 02:26:53,961,1994-08-11	,194,67
33096,15116,1993-01-30 21:34:04,1991-06-07 19:43:54,645,1977-10-07	,120,12
14394,7712,1999-07-29 12:47:32,1983-04-07 17:59:26,624,2031-02-22	,24,114
68620,2157,2018-05-04 11:00:22,2001-03-24 20:04:08,659,2002-02-01	,57,75
58721,33166,2013-04-25 18:51:14,2007-04-19 07:41:45,24,2011-04-09	,177,71
90878,11205,2015-08-26 15:35:55,2007-08-23 21:16:43,338,1988-05-16	,123,96
42421,2447,2016-01-29 00:58:49,1973-04-03 23:39:58,948,2024-05-28	,124,127
84265,16470,1976-04-19 00:44:45,2004-02-25 17:49:22,801,1995-10-21	,176,78
4249,25783,2033-09-16 01:05:20,1974-08-04 02:21:03,122,2025-11-16	,85,6
4520,4707,2009-09-29 15:46:31,1996-02-04 09:19:58,364,1983-07-03	,173,158
24736,27134,2026-11-25 22:22:39,1983-04-04 23:48:36,342,2000-12-23	,166,37
78463,46050,2016-09-23 23:31:42,2009-11-05 15:58:15,300,2008-07-04	,195,68
8150,45492,1997-11-27 22:48:45,1983-11-10 01:26:33,731,2026-09-18	,47,156
92758,40928,1980-11-10 06:50:34,1989-11-07 03:26:45,16,1971-09-18	,16,53
56786,45809,2001-03-30 23:13:06,2031-12-06 10:10:22,371,1989-07-28	,19,31
20856,39079,2020-06-18 19:49:19,2004-08-14 16:34:36,347,2018-09-02	,171,86
62506,13074,2013-01-17 01:01:59,1994-03-24 04:11:08,94,2029-01-01	,26,4
68561,14585,1991-05-19 17:13:53,2017-10-23 18:34:05,317,1996-10-28	,194,177
31036,21302,2024-02-01 08:24:13,2016-05-24 11:44:44,714,2030-07-17	,168,185
67124,28968,1999-04-29 16:56:40,1971-04-09 22:12:15,294,1989-03-18	,89,184
54379,4006,1988-10-03 15:46:49,2013-06-18 20:46:21,948,1997-09-30	,132,127
69945,48767,1992-10-27 16:06:46,1971-02-10 14:14:51,369,1990-07-28	,181,136
72832,34791,1994-08-11 14:26:04,2000-01-28 14:14:30,586,1983-07-28	,73,51
77879,39753,1988-09-27 19:38:38,1974-12-29 14:38:29,77,2019-03-14	,199,124
80311,13431,1987-09-07 13:57:56,2021-01-21 12:21:34,677,2032-09-03	,76,75
89634,35922,1996-09-07 09:31:08,1988-02-03 14:32:58,20,1989-12-13	,190,150
98899,15367,1982-12-30 18:27:14,2009-02-03 14:20:12,507,2007-10-11	,167,57
35015,5329,1994-06-05 07:51:11,1999-02-04 02:26:52,830,1993-12-13	,9,127
62055,15426,1996-01-23 00:32:31,1990-03-16 21:21:47,229,2022-02-16	,135,25
48445,3242,1996-08-27 18:17:10,2004-05-18 03:51:48,358,1992-12-17	,51,69
64475,22259,2032-09-15 07:53:45,1980-04-24 06:25:47,0,2021-03-21	,87,70
85924,39801,2022-12-10 06:11:14,2016-11-15 00:00:32,148,2026-04-03	,64,154
13514,35219,1974-06-14 16:34:54,1994-10-25 20:05:35,470,2020-03-25	,98,191
80297,44111,2001-04-21 16:48:01,1980-12-15 05:48:51,219,2018-08-08	,102,173
15938,21472,1971-01-31 03:47:45,1980-11-12 14:31:40,182,2000-10-29	,102,8
24899,14403,2019-09-08 15:37:46,1997-01-05 02:02:39,114,1973-07-05	,33,50
75595,11541,2011-10-26 08:06:13,1985-05-27 17:01:42,969,1977-02-23	,36,155
98722,32059,2033-06-26 14:46:25,1984-01-29 00:58:59,355,2000-01-02	,14,103
87033,4355,2015-11-24 12:06:17,1973-07-27 07:56:39,540,1982-07-24	,18,158
47261,41196,1982-08-29 17:05:14,2009-12-19 06:10:04,876,1993-12-01	,168,126
58229,22580,2028-05-15 22:53:33,2007-07-07 09:01:12,557,1972-08-25	,64,109
68012,12804,2021-01-31 00:18:22,1972-06-01 19:33:34,697,2025-12-05	,110,114
90898,11237,2012-03-04 07:50:51,2000-07-23 13:08:51,409,2018-07-22	,47,177
53741,21208,2001-12-05 16:25:49,1998-02-05 11:54:57,776,1990-11-05	,8,71
75791,45104,2031-11-13 23:36:25,1991-05-28 10:55:43,941,1985-10-23	,172,124
48839,30451,2014-09-08 09:46:18,1982-08-13 00:21:21,431,1984-01-31	,151,68
43169,18618,2023-09-08 20:27:18,2027-03-25 15:49:12,85,1971-11-04	,145,125
45122,9602,1972-06-17 16:06:00,1985-06-09 04:04:47,498,1975-06-24	,117,51
98256,24694,2008-11-03 15:45:46,2032-11-06 13:54:19,726,1999-03-15	,109,43
3812,10068,1997-03-20 12:40:17,2001-12-01 12:36:29,408,1980-05-20	,162,168
52493,29890,2016-05-05 02:21:11,2011-07-26 06:36:52,625,1997-06-25	,47,15
59591,13510,1990-08-13 04:04:36,1976-05-31 19:53:31,351,2030-05-28	,70,66
38153,46064,1987-06-23 20:03:30,1977-05-01 16:27:49,350,2024-07-17	,64,78
287,36113,2028-05-10 10:30:24,1997-12-25 11:12:51,875,2015-05-09	,50,80
26421,46610,1970-09-19 22:51:19,2030-07-03 04:37:53,336,1986-08-24	,193,187
51479,13403,1971-10-14 11:11:56,2028-11-23 05:05:42,155,1995-08-21	,39,107
29800,22774,2013-11-22 07:59:13,2014-02-15 01:12:43,257,2035-10-29	,7,52
68955,44724,2015-09-01 14:20:57,2008-05-28 15:53:29,561,2032-10-05	,193,165
85447,48733,2018-08-07 23:48:56,1982-12-19 06:47:28,219,2016-03-24	,24,147
94741,7433,2010-10-18 13:03:11,1977-01-07 07:25:12,525,2024-04-25	,128,165
25365,14268,2002-02-08 07:22:41,2004-10-01 08:23:04,252,2004-08-14	,154,189
40317,22079,2004-06-22 15:51:45,2035-08-09 17:43:57,364,2002-01-12	,158,43
44538,25166,1997-10-27 19:00:43,2015-03-25 07:37:26,182,2006-02-26	,80,26
67997,49908,1985-11-13 18:19:57,1983-12-23 07:23:40,797,2029-06-12	,5,10
15893,25026,2008-02-25 10:13:23,1998-01-04 17:57:36,9,1992-07-14	,71,82
77273,43022,1995-08-14 21:51:11,1979-04-18 21:23:59,331,1981-04-09	,71,156
66893,38188,2000-01-08 22:55:28,2027-12-14 02:30:04,295,2027-02-24	,197,195
83795,10740,1982-04-11 10:04:23,2013-02-28 17:22:19,88,1984-03-25	,137,49
70965,12243,2014-11-03 14:14:46,2018-12-03 01:31:45,576,1970-11-14	,26,70
87319,25387,2003-01-10 10:00:36,1983-11-28 01:03:13,674,2027-03-06	,197,68
60396,21101,1983-03-12 01:05:54,2031-03-07 01:32:03,262,1981-12-10	,175,20
39027,2720,2019-12-14 12:35:31,2002-07-28 21:20:20,263,1998-06-19	,145,195
66313,19243,2017-02-04 09:33:03,1986-04-10 12:14:04,398,2026-01-11	,118,54
33109,3657,2002-05-03 05:07:54,1970-04-21 05:16:10,914,2001-01-12	,69,103
87806,27027,1998-05-02 03:20:23,1979-07-09 20:04:41,716,1989-10-05	,48,21
34476,48685,2009-10-21 13:22:07,2011-05-25 06:03:08,392,1991-02-26	,116,11
69575,13676,1990-01-08 06:59:07,1976-05-09 20:44:11,96,2030-01-09	,73,86
95519,41968,1999-06-05 12:05:30,2029-02-07 22:27:48,295,2023-01-07	,77,34
31964,40111,1991-04-28 10:48:10,1972-06-05 01:24:04,92,2007-08-19	,28,87
52664,36343,1973-02-07 21:52:30,2032-07-05 18:58:39,37,2012-09-03	,195,147
90062,13392,2026-04-08 15:27:10,2037-11-17 23:41:33,150,1983-01-01	,85,21
3038,42894,2036-04-03 14:45:00,1992-03-02 18:56:19,637,1994-06-19	,100,192
16169,40625,2037-07-10 13:53:24,1987-04-21 19:50:50,365,1979-02-18	,139,179
86103,36861,2025-03-02 16:49:47,2031-02-28 23:12:26,364,2023-05-18	,127,53
5219,22955,1987-11-10 04:03:13,1983-10-03 00:38:18,650,2016-10-23	,61,136
54574,14039,1970-06-05 23:22:58,1982-06-08 04:33:47,640,2004-05-25	,28,161
31795,6577,1973-10-29 19:59:29,2016-07-04 02:36:32,265,2020-11-21	,115,25
48503,19309,1971-09-27 10:10:37,2027-10-19 03:56:11,170,2014-10-05	,22,44
11686,18832,1998-11-28 16:20:46,2022-03-12 19:28:21,64,2019-10-24	,89,122
1275,22689,2023-12-17 18:28:51,2014-06-10 06:41:53,960,2033-06-10	,91,55
6379,25562,2035-05-15 13:59:47,1992-06-04 12:05:19,259,2006-06-25	,91,149
92226,24090,2010-05-20 15:38:19,1976-04-24 21:11:04,139,2018-02-26	,63,51
8428,37015,1971-08-06 05:52:23,1980-02-16 06:30:02,472,2002-01-18	,152,97
92472,27599,1979-05-25 04:12:43,2030-02-25 19:11:59,484,2010-05-11	,32,110
10428,6086,2029-09-19 12:20:47,1994-09-23 08:08:52,658,1992-09-19	,21,116
81563,35044,2015-10-15 02:33:39,2035-01-01 14:58:37,408,2037-04-03	,42,99
72860,11752,2013-08-30 01:44:30,1983-09-02 10:29:42,706,1997-04-06	,137,126
95260,41196,2005-01-08 14:51:32,1999-09-23 07:04:41,417,2015-12-27	,197,104
79750,43119,2030-03-14 01:04:31,2000-12-25 13:25:20,196,2037-07-05	,7,2
69293,35408,2035-10-22 14:14:02,1976-11-26 13:07:55,697,1982-02-27	,119,85
41369,11792,2012-08-05 11:03:28,1978-02-22 14:25:54,637,1991-03-21	,150,118
13570,13250,1971-10-06 14:59:56,2007-08-11 16:33:47,941,1970-09-24	,14,148
87310,47926,1983-03-05 17:26:06,1974-09-19 11:55:39,951,1985-07-31	,16,129
93710,2407,2020-09-10 21:05:41,2013-02-11 10:13:43,227,1993-01-30	,11,128
57505,34228,2021-09-24 01:37:03,1984-05-24 12:40:45,997,2004-09-28	,160,26
77554,41325,2016-08-05 15:17:46,2018-09-30 14:35:01,838,2021-08-16	,91,142
71715,32411,2023-01-20 10:10:22,2015-06-10 08:25:49,878,2028-07-28	,62,163
90888,2808,2000-06-22 07:54:35,1979-03-27 06:51:52,395,2004-06-18	,156,195
19098,26816,1982-05-20 02:48:13,1982-09-30 23:17:21,46,2036-11-10	,64,165
80902,203,2006-08-30 04:54:44,2013-12-23 04:56:12,763,2037-08-06	,71,96
64155,6807,1980-01-16 15:14:23,2005-04-19 08:05:56,997,2001-03-22	,66,182
51494,39037,1972-10-27 04:10:32,2031-12-12 20:39:47,287,2025-08-21	,177,96
35393,3132,2015-04-15 11:03:11,1997-04-10 17:19:41,45,2037-01-07	,44,171
98891,38096,2004-01-21 06:41:55,2021-02-23 05:33:27,756,2028-04-26	,46,79
99313,18950,2032-04-19 23:00:36,2037-05-16 00:32:06,838,1986-11-27	,180,70
2916,46862,1987-11-25 11:36:36,1991-07-12 14:55:41,755,1979-10-13	,159,21
20639,22998,2004-09-04 01:31:40,1987-02-13 22:16:36,445,2019-11-12	,21,87
49464,30310,1982-08-11 13:35:41,1987-01-03 02:07:27,463,1998-05-12	,129,91
79573,28110,2000-05-16 01:44:23,2013-02-09 20:20:12,811,1993-04-12	,198,168
27931,12462,1980-08-16 11:03:56,1972-04-28 17:54:49,393,2034-09-09	,28,120
41055,32623,2027-11-28 04:51:02,2028-03-16 14:22:51,385,2035-02-08	,58,176
56290,23716,1978-10-30 03:59:47,1971-10-11 01:18:07,891,2022-11-01	,96,138
33860,46434,1991-10-18 16:24:30,1980-02-26 22:44:08,271,1990-11-10	,198,110
55573,7256,2009-10-03 16:38:50,2034-07-24 07:38:33,95,2019-06-25	,110,101
37957,19950,1994-08-11 03:38:16,2022-01-16 09:45:21,356,2014-04-11	,129,184
12496,38716,2034-04-15 07:56:32,1971-02-03 01:34:19,551,1999-01-23	,141,178
35571,1153,1972-08-15 18:31:38,2012-08-18 21:17:33,329,1971-11-16	,35,177
17266,38037,2026-10-03 08:44:16,1988-04-06 23:47:59,488,1996-01-01	,155,174
78108,6814,2013-01-08 04:38:57,1979-04-23 22:05:32,787,1988-11-01	,11,183
5108,4,2033-02-22 06:09:19,2010-12-14 20:51:04,427,2012-12-02	,98,157
65377,26482,1997-11-08 03:24:18,2036-11-30 21:35:43,557,2009-11-12	,174,146
34655,35132,2037-12-06 05:42:33,2026-10-13 05:21:41,84,2022-08-06	,141,174
90919,16700,1970-03-05 19:22:32,2017-05-16 03:58:30,611,1973-12-11	,122,133
5804,26796,1987-12-11 16:45:22,2003-01-06 23:43:44,166,2021-05-13	,53,164
28442,33865,2024-09-10 05:01:00,2027-04-10 05:54:13,263,2015-10-02	,114,122
37496,28484,2000-03-21 07:43:52,2001-04-13 00:52:10,342,1979-12-06	,65,50
47989,16400,2034-07-03 15:46:52,1976-03-04 00:53:37,386,2007-10-30	,151,89
9179,811,2033-03-25 20:12:22,1987-08-02 14:40:52,771,1983-06-02	,15,11
87447,44124,2031-01-17 01:57:21,1979-05-13 18:01:49,555,2001-11-18	,150,186
3815,9565,1996-07-02 01:25:06,1995-11-29 01:41:41,337,2018-08-24	,127,164
4285,29018,2031-10-10 23:11:39,1999-03-08 09:15:54,136,2014-12-08	,175,45
67656,40100,2003-02-07 07:14:08,2000-06-16 15:16:01,1000,2008-06-18	,101,175
44766,20002,1970-10-07 04:08:36,1970-03-03 03:20:28,869,2021-08-13	,187,182
94979,16081,1989-07-23 15:54:34,1989-07-13 02:33:22,36,2032-08-07	,20,15
50025,592,2004-07-31 03:46:23,2013-04-25 02:54:01,672,1995-12-05	,173,70
18296,17547,2024-03-10 13:09:10,1982-05-25 07:02:51,917,1990-05-15	,11,73
69937,3350,1994-12-04 11:07:11,2008-08-24 08:22:37,826,1990-04-24	,95,155
62009,38100,1974-03-28 14:04:42,2014-09-06 04:57:43,682,1981-04-27	,147,36
17818,12202,2025-09-15 22:33:45,2027-11-13 19:51:08,625,2016-06-27	,40,162
3408,49771,2037-05-18 18:05:33,2034-08-30 23:47:38,295,1973-02-15	,63,199
11292,34014,2008-03-30 19:04:23,2033-11-10 13:24:18,979,1972-06-28	,143,120
79858,38798,1987-05-20 07:16:31,2002-09-11 19:22:19,943,2037-06-17	,133,24
23534,24060,2036-01-25 02:36:04,2028-07-19 10:48:15,164,1981-07-25	,134,39
16533,32923,1980-02-12 08:28:00,2001-04-23 01:56:39,705,2001-06-26	,91,164
14293,808,2021-06-05 10:58:46,1978-04-13 11:15:20,52,2001-12-11	,144,171
24536,48797,1992-07-30 12:58:30,1982-10-09 05:54:38,968,2037-09-01	,61,40
47555,13947,1974-04-14 08:26:22,2013-07-18 13:02:30,449,2019-10-07	,168,123
38973,49347,1975-01-21 00:53:23,1976-05-28 02:32:28,450,2005-12-17	,183,119
54461,33356,2018-08-08 13:15:54,2010-08-26 15:54:56,136,1999-08-02	,90,76
41064,39024,2008-10-04 02:52:58,1995-09-19 05:01:54,775,2029-09-22	,116,50
15661,32169,2030-08-01 20:12:27,2011-03-16 12:13:30,375,2019-07-31	,44,153
71549,14698,2028-06-03 06:59:20,1981-03-26 23:51:08,823,2022-05-24	,152,73
43702,23589,2035-08-17 13:16:43,2009-01-11 11:29:43,907,1998-02-09	,192,63
19352,26248,2017-04-18 19:11:58,2035-11-24 16:05:13,403,1988-09-29	,43,112
91885,5450,1981-03-18 09:44:35,1989-12-22 07:07:56,838,1996-02-28	,11,111
67838,45821,2018-11-14 08:37:53,2004-01-29 19:19:46,686,2002-05-17	,174,24
94751,41607,2017-06-03 19:25:38,2028-02-12 10:38:19,245,2014-05-22	,34,88
17725,43308,1997-09-14 00:44:00,2009-06-18 05:57:38,141,2012-08-02	,27,12
73482,15193,1994-02-02 08:30:22,2008-12-13 19:24:58,688,1998-01-11	,25,73
32829,42179,2029-01-10 21:12:13,1970-12-29 23:54:59,319,2020-01-12	,27,53
56733,41740,1978-03-22 16:55:48,2025-04-17 12:13:23,487,1989-11-13	,50,133
15810,32916,1986-08-15 08:57:46,1990-05-25 23:26:10,284,1996-02-02	,72,3
68721,35709,2010-03-29 20:02:19,1995-07-21 16:33:47,126,2018-10-11	,149,91
56036,30477,2001-11-30 06:47:48,2029-11-11 00:58:03,345,2011-04-20	,29,183
44168,13363,2019-04-23 20:58:44,2033-03-15 18:23:02,559,2036-05-28	,119,144
63415,41867,1971-02-28 20:55:32,2032-06-28 04:20:00,220,1995-09-03	,188,182
9144,26428,1989-04-14 08:32:45,1984-10-20 08:44:51,245,1971-09-26	,135,161
63504,7042,2016-08-21 20:36:28,2036-09-03 14:59:00,748,2026-08-10	,179,38
9908,30822,1978-01-16 16:25:55,2014-10-19 01:30:34,592,2018-05-28	,75,45
54863,19633,1979-11-06 14:10:23,2022-05-09 15:29:14,770,1975-07-30	,136,173
61050,48030,1975-05-15 07:59:17,2028-03-29 07:10:28,987,2021-02-01	,132,124
89159,17345,2010-11-22 12:25:44,2013-07-04 11:24:13,178,2003-07-14	,166,55
10917,47347,2033-09-14 02:08:51,2017-09-25 10:16:29,658,1991-03-19	,186,41
70438,3627,2036-06-06 02:53:09,2002-04-11 17:15:35,154,2014-06-19	,67,153
61397,20726,2012-03-31 20:46:22,2010-11-01 10:25:46,165,1989-03-20	,44,11
62929,41104,2017-05-17 06:50:32,2024-12-26 13:21:25,315,2005-09-20	,17,85
47183,1096,1978-07-15 12:13:13,1978-11-07 12:38:38,333,1973-08-17	,67,7
12582,15654,2004-11-11 19:26:32,1989-01-28 04:48:14,967,2027-09-15	,9,116
26248,33306,1982-04-14 08:40:22,1999-02-09 13:03:52,949,1997-05-02	,97,116
22374,9037,1996-04-03 09:57:09,2006-08-25 23:37:06,706,2002-02-04	,193,35
49357,4398,1990-12-05 09:59:22,2026-04-17 20:57:59,141,2013-11-08	,173,53
95751,18878,2007-04-02 06:32:44,2032-11-16 19:18:07,225,2010-05-01	,101,98
25878,34246,2032-04-26 04:19:23,1984-02-09 01:10:47,86,1997-03-30	,157,62
58107,8543,2027-10-08 07:45:58,1989-07-06 04:52:06,643,2025-03-21	,93,27
89940,38584,2035-07-22 07:33:16,1972-10-07 02:59:50,416,2026-05-21	,61,75
20612,42755,1990-04-03 00:33:18,1999-05-18 00:39:03,448,2024-07-30	,184,142
48695,41771,2032-03-09 02:03:53,2009-01-11 12:36:51,235,2017-07-23	,177,164
86976,36638,1977-01-16 23:41:08,2004-11-10 12:46:19,544,2008-08-18	,130,89
33937,30583,2002-12-14 11:15:47,2021-05-30 13:52:02,440,2023-11-22	,25,129
64701,21335,1975-04-23 20:54:52,1976-06-13 09:48:44,228,2037-11-22	,161,143
83309,35756,1989-09-06 13:00:09,1974-09-07 23:42:07,414,1981-10-12	,178,57
90585,49459,2024-03-03 03:14:06,2000-08-16 18:58:26,557,2000-03-28	,179,180
5602,18892,2014-05-07 23:36:12,2003-10-09 11:42:52,169,2023-02-18	,28,164
20747,11030,2032-01-12 12:53:50,1999-09-07 21:42:14,218,2018-07-05	,30,10
42795,22054,1978-03-07 14:31:58,2027-04-18 18:46:50,614,1970-05-26	,25,104
99501,46086,2036-01-05 18:11:03,2007-07-22 12:21:39,366,2028-10-09	,90,84
24150,4988,2032-06-29 22:53:06,1997-12-27 08:15:15,881,1974-02-24	,45,17
28155,6979,2005-09-03 15:49:15,2004-01-06 06:00:03,853,2016-01-04	,110,56
11717,33569,1978-04-29 12:04:59,2019-10-08 16:23:46,677,1986-11-17	,50,135
16972,11070,1985-04-01 19:47:54,2006-06-18 13:27:58,85,2015-09-28	,192,65
77192,43813,2020-03-18 09:44:50,2014-05-27 00:18:50,938,2035-09-24	,148,43
10549,13235,2018-11-25 15:11:56,2035-03-10 08:30:15,941,1988-05-11	,47,11
94116,18031,2023-09-18 04:51:45,2012-01-31 00:20:24,609,1972-10-07	,58,156
26205,25735,1991-05-20 00:18:39,1993-08-15 20:35:27,187,1988-07-07	,135,192
14834,20577,2011-08-06 04:40:29,1975-10-28 14:26:28,377,1993-12-07	,61,97
61640,1145,2000-01-01 15:51:35,2007-12-01 21:34:50,292,2016-03-20	,123,46
3978,20222,2027-12-29 21:39:41,2014-02-16 00:18:09,445,1979-09-21	,85,142
65753,37049,1973-09-10 16:20:44,2027-06-18 07:00:53,13,2019-07-16	,161,32
13949,20719,1986-10-22 12:08:20,2005-03-06 18:00:01,766,2007-07-08	,200,76
57419,22037,2033-12-11 05:55:01,2028-12-28 05:46:44,120,2007-10-03	,20,32
95923,47646,2024-12-28 23:16:13,1997-07-07 06:50:22,95,1985-12-27	,22,151
97592,8285,2010-09-02 13:03:08,2037-04-20 07:34:32,894,1997-04-10	,30,6
81516,19868,2007-06-08 21:55:26,2009-07-21 18:27:24,949,2007-06-05	,193,105
99072,45168,1996-07-09 08:38:39,1977-07-12 06:54:21,458,2003-05-17	,54,83
44332,3920,2025-11-30 23:58:26,2006-09-07 09:17:38,313,2033-07-02	,58,58
9883,44498,1988-12-07 10:50:09,2037-07-16 13:38:32,291,1999-03-03	,5,21
82598,28787,2016-10-04 23:34:09,2022-09-18 09:46:13,125,2014-04-16	,59,23
55420,34358,1985-06-14 08:27:49,1970-11-03 19:05:51,177,2003-11-05	,86,124
57575,12569,1980-11-19 13:24:42,2030-07-03 11:20:12,184,2000-10-11	,35,56
34221,22828,1988-10-08 20:58:56,2013-01-27 07:13:57,886,1990-07-08	,148,142
87722,21300,2003-01-22 00:39:24,1970-03-15 05:37:45,76,2023-04-20	,23,126
47040,17321,2013-10-13 04:02:00,2014-02-04 10:53:24,844,1974-12-22	,54,84
32446,21440,1991-01-01 06:05:58,2004-08-20 19:18:10,881,2003-02-19	,159,44
94350,3407,2028-04-08 01:03:05,2026-05-23 19:12:02,369,2010-07-01	,108,49
2109,1279,1986-12-31 13:53:53,1976-08-31 01:10:28,809,1995-02-14	,146,56
71559,18616,2033-02-04 12:47:29,2008-01-24 19:29:16,445,1983-05-06	,196,154
62486,14373,1988-12-22 20:00:19,2004-06-05 23:54:36,775,1974-11-04	,146,144
13931,29272,2007-03-12 11:54:22,2004-08-19 18:12:39,180,1975-11-17	,151,40
11196,278,1990-05-21 18:14:58,2032-08-29 08:03:57,375,1971-12-10	,40,18
40084,6359,2014-03-18 18:12:54,2027-08-03 16:58:13,323,2012-10-09	,123,190
91599,44748,2000-11-24 03:30:32,2016-12-24 07:37:39,967,1982-06-21	,82,21
76869,47740,2011-10-23 09:34:30,2034-08-06 10:01:03,41,1995-03-11	,30,30
37571,22521,1975-01-11 18:51:25,2021-01-25 13:11:19,479,1988-08-21	,168,176
40110,24522,2019-05-29 19:59:52,2019-04-17 19:43:42,119,1993-04-14	,135,7
23711,6324,2019-05-12 05:20:01,1983-10-31 14:58:06,310,1979-02-03	,62,15
8836,46153,1971-11-19 06:41:46,1978-10-25 03:11:44,293,1982-02-24	,56,134
62895,17826,1998-07-16 08:24:19,1977-05-05 16:39:15,631,1987-09-14	,198,6
75057,35686,2021-06-09 06:02:15,2029-03-04 14:06:24,55,1999-02-23	,181,58
55480,31491,2003-10-08 16:43:31,2028-10-31 02:19:57,764,2024-10-09	,189,171
72794,48530,2036-10-10 14:58:21,1971-06-10 10:59:05,149,1987-12-17	,138,156
62041,5470,2030-04-16 08:34:27,1987-01-26 14:28:13,369,2029-06-14	,56,24
58734,1910,2037-05-06 19:32:42,2013-10-08 22:34:46,467,2030-11-06	,188,4
52396,21620,2030-04-14 12:32:14,1989-07-22 08:54:18,237,2026-05-27	,27,194
79941,6018,2037-02-14 10:21:45,2034-07-19 16:31:00,384,2016-01-12	,146,0
78583,30626,1987-05-22 21:24:55,1980-07-28 15:37:42,486,2006-08-08	,55,14
57609,13255,2018-10-09 01:36:14,1972-11-25 10:15:06,159,2014-06-05	,12,137
8524,47492,2036-01-18 12:58:01,1991-12-13 18:56:37,779,1977-06-18	,57,116
23004,13707,2005-11-01 02:36:31,2011-10-21 21:30:14,951,1987-03-25	,124,148
86566,43725,2030-09-07 15:20:27,1993-12-10 00:26:17,412,1981-05-19	,85,198
43232,7097,1972-02-12 07:36:59,2010-04-04 15:48:43,795,1976-06-20	,55,176
4485,12267,1983-10-14 23:32:22,2026-01-15 08:08:17,355,2003-05-15	,80,117
76448,46407,1983-07-27 09:10:38,2018-08-29 10:22:44,181,2025-09-09	,90,9
69285,17158,1997-02-18 12:29:36,1977-02-28 05:50:35,510,2026-01-27	,18,189
96594,6236,2006-05-11 14:15:31,2021-10-07 21:05:15,219,2025-01-21	,128,53
5439,42166,1975-12-31 09:37:52,1997-11-10 18:34:44,333,2003-04-29	,199,19
41781,9691,2025-05-03 15:35:37,2010-10-08 07:38:30,12,1988-01-03	,129,141
60776,2237,2025-02-19 17:55:07,1978-01-15 14:04:24,869,2031-07-06	,12,167
2864,29756,2010-07-08 11:18:51,1986-11-27 04:36:45,404,1986-01-26	,103,92
7945,30058,2029-01-24 12:03:02,1998-02-11 02:21:41,90,2028-09-08	,102,102
5624,16221,1977-05-01 07:28:06,1974-08-28 13:19:03,589,2021-04-17	,155,39
79847,29184,1991-06-07 15:09:41,2015-05-28 09:47:42,488,1995-07-29	,100,103
97090,4862,2022-01-13 03:17:41,1995-07-11 16:39:55,333,1988-11-23	,167,82
87881,35081,2026-03-17 04:58:23,2035-12-26 10:58:12,564,1992-12-12	,96,124
66163,29299,2016-11-12 11:50:02,1987-01-21 22:09:37,340,2001-06-13	,89,27
4581,38118,2024-10-21 14:52:27,2006-04-19 19:47:55,138,1990-11-28	,9,21
40448,40713,2002-12-11 12:44:47,2020-03-18 15:37:24,92,1991-08-16	,30,195
1935,48833,2033-12-28 19:48:41,2009-09-13 05:23:02,314,1998-06-28	,40,196
460,44618,1985-05-22 10:13:23,1993-06-07 01:35:48,354,2015-11-02	,96,80
43590,14392,2033-07-15 20:53:07,2009-01-23 14:30:07,595,2036-11-30	,137,200
79757,8358,2020-03-07 14:07:26,2030-07-13 11:08:24,485,2030-06-09	,172,101
86476,40029,1975-12-19 10:15:19,1982-02-26 06:40:29,219,1989-10-28	,30,44
18364,19010,2008-08-29 18:41:34,2006-08-14 23:26:19,53,1973-06-11	,188,98
33845,43604,1974-05-02 19:06:32,2033-07-12 01:25:22,856,2020-10-25	,187,131
91389,33525,2006-11-30 11:10:29,1997-02-20 02:17:35,559,1997-05-27	,181,85
20322,49535,2010-12-18 20:59:55,1998-09-30 10:56:13,282,2021-06-13	,129,93
13624,10717,1970-04-04 01:43:36,1982-12-06 07:39:28,265,2034-02-10	,136,121
81421,37166,2006-07-16 08:15:32,2015-07-26 21:01:35,490,2001-12-26	,64,81
14049,43249,2024-08-17 01:54:35,2017-07-29 08:13:21,267,2018-01-11	,24,94
69647,36221,2030-10-15 14:06:03,2036-08-01 18:50:01,480,2006-09-18	,89,123
75385,22391,2024-11-23 08:55:45,1971-04-13 02:46:38,390,2003-02-04	,125,41
22964,7955,2029-06-17 12:50:49,2018-12-23 04:38:01,629,1983-05-12	,24,154
6128,46319,2001-11-23 17:19:44,1992-05-20 05:35:39,632,2010-03-25	,160,66
31557,34652,1990-11-24 05:37:11,2024-03-03 12:31:26,232,2021-02-12	,82,198
19897,10970,1970-05-09 17:13:01,2010-01-29 05:13:08,706,2012-09-10	,159,188
78647,33344,2014-07-31 04:24:49,1998-04-13 02:31:16,864,2022-12-29	,37,185
70508,32694,1987-03-30 08:21:20,1992-12-12 14:38:45,245,1973-08-13	,133,112
74616,48645,1994-04-09 07:21:46,2036-08-07 19:47:17,724,2022-05-10	,193,185
98878,48513,2004-11-02 19:07:50,2017-04-06 06:23:20,598,1990-10-05	,126,77
97193,14248,2024-06-01 11:29:56,2026-10-30 12:40:26,63,2037-01-06	,152,154
63869,645,1977-03-19 01:04:07,2030-02-19 23:12:29,66,2022-07-10	,89,163
74469,40048,2023-10-27 13:29:15,2001-11-24 08:20:45,570,2021-06-11	,78,112
72623,45185,1987-04-05 06:11:30,1992-01-15 05:43:45,208,2030-02-14	,142,36
16846,25379,1971-01-28 11:52:34,1985-10-19 01:00:45,492,2022-10-06	,0,26
78824,5343,1971-01-03 17:26:44,2028-02-18 16:18:01,879,2001-03-30	,133,125
26006,22866,1976-04-07 19:54:12,2026-07-05 06:45:52,213,2002-12-04	,78,188
38752,32153,1987-12-03 14:40:46,2010-07-30 22:24:04,527,2036-02-05	,156,139
47884,39639,2033-02-03 12:22:09,2036-02-04 02:58:55,568,2033-02-25	,20,71
3492,5854,1984-05-01 05:29:14,2032-03-03 14:18:48,576,2029-09-06	,107,168
33433,31452,2015-05-14 19:21:15,2007-04-08 03:59:59,112,1973-10-26	,97,100
69917,37524,1976-07-30 23:10:44,1985-05-12 08:05:39,722,2029-06-14	,185,40
66642,42394,1981-09-10 10:24:43,1985-12-17 02:03:12,776,1988-08-27	,118,162
39121,40072,2019-04-20 05:18:15,2035-11-01 08:27:16,679,1987-10-16	,161,2
89043,23517,2008-02-19 23:28:57,1970-03-23 20:10:39,526,1973-03-27	,101,45
79799,30018,2000-09-18 05:09:10,2005-05-14 23:22:17,474,1995-04-27	,144,28
21993,44606,1995-07-08 11:28:05,2037-10-08 06:52:15,166,2035-09-22	,162,112
76723,26557,2005-09-19 08:21:36,2000-04-30 15:39:03,793,1992-05-11	,92,137
79888,943,2016-09-13 02:31:31,1992-02-21 04:56:40,66,1982-12-04	,110,173
79029,114,1996-02-21 05:32:24,1987-12-27 02:46:04,374,1977-02-08	,81,119
99653,38984,2010-02-28 04:38:29,1981-01-28 07:23:58,746,1997-01-02	,144,103
92800,12252,2035-03-21 16:26:47,2019-01-13 00:49:55,574,1998-05-14	,81,74
43572,4487,2017-06-26 14:52:27,2004-03-03 09:18:10,279,1986-12-05	,73,14
25102,37531,1992-09-30 08:05:52,2012-07-23 00:51:03,855,2020-04-15	,44,171
51866,40491,1970-12-22 21:04:19,1987-12-22 18:49:09,206,2019-12-26	,156,27
97954,36760,2028-03-12 21:05:20,2007-08-22 18:52:36,152,1987-08-09	,186,118
34844,31168,1976-02-13 04:43:38,2012-09-29 09:44:47,872,2001-01-21	,140,24
20701,1618,2020-12-07 22:15:51,1974-03-23 07:05:33,772,2035-11-19	,183,58
77797,46397,2007-09-17 04:29:55,2037-01-02 04:12:27,663,1992-07-09	,23,129
6613,48724,1983-04-11 17:08:02,1984-11-05 20:24:11,233,1978-03-18	,161,116
74399,44792,1984-04-10 00:25:19,2011-12-04 14:00:05,352,2031-10-12	,148,112
94021,24384,2012-04-12 01:49:15,2018-06-04 06:25:16,456,2006-05-26	,0,46
46281,27786,1984-11-12 03:44:33,1978-07-10 22:38:14,887,1992-12-24	,154,191
31218,48114,1981-08-20 16:52:38,2007-02-10 13:56:00,82,2036-06-24	,25,166
87274,16833,2000-02-23 04:38:58,1985-04-23 09:00:46,244,1982-05-25	,157,37
66983,20273,2030-12-29 08:55:02,1978-07-21 05:07:47,941,2031-02-06	,72,81
45359,28894,2005-12-16 15:44:13,1993-02-26 00:54:59,916,1990-02-12	,58,45
25788,23201,2022-08-12 00:21:56,1993-03-11 16:23:38,441,2031-04-02	,33,63
23672,30534,2006-08-27 17:14:41,2002-10-01 06:03:52,793,1991-12-20	,133,92
72827,28112,2010-01-13 08:41:12,2015-07-02 18:45:14,460,2034-06-30	,14,183
52563,30010,1987-04-13 20:22:49,2000-01-10 20:22:24,896,2007-03-23	,134,30
1101,22106,2003-08-26 11:48:19,2000-10-03 07:46:32,342,2015-01-23	,153,116
27285,15212,1974-02-03 17:16:27,1974-06-21 10:35:18,627,2019-05-31	,106,71
28832,5831,1971-08-19 04:07:38,2020-12-06 05:37:50,64,1976-07-07	,133,118
69592,45803,1972-02-16 11:04:50,2010-04-08 06:51:06,463,2017-08-26	,149,95
14235,11994,2033-01-05 23:35:22,2002-12-22 04:15:42,902,2017-01-24	,12,35
99587,6178,1986-05-16 20:20:14,2012-05-22 17:54:37,850,2022-04-29	,196,27
88553,108,2030-04-27 11:49:01,2034-08-23 01:01:39,98,2007-04-30	,108,159
46456,28557,1996-03-27 16:52:24,2033-02-14 17:55:34,271,1978-11-29	,80,83
37081,16383,2031-02-16 19:18:53,1988-07-27 07:10:46,19,2035-06-12	,90,3
8527,34418,2013-06-03 02:02:15,2033-08-15 16:52:35,457,2011-12-10	,14,68
61847,47964,1989-12-01 23:08:54,2018-10-01 17:53:22,508,2026-08-29	,102,195
40375,44787,2031-03-30 08:41:28,2015-12-11 13:55:48,26,1990-07-11	,17,79
62926,49358,2015-08-14 20:21:51,2014-02-18 13:48:09,949,1978-01-15	,133,6
80649,15087,2035-12-11 20:33:02,1987-12-13 16:35:59,918,1972-11-08	,121,107
121,44962,1987-03-18 06:12:16,2004-08-21 08:38:08,732,2021-12-05	,96,27
65881,19064,2025-03-03 11:54:38,2016-08-24 22:06:54,683,2031-03-21	,16,62
88674,37666,2035-05-18 01:12:05,2026-11-11 19:51:48,872,2012-06-27	,174,136
92610,41939,2034-01-31 00:10:20,2027-06-11 22:26:44,881,2007-04-23	,76,177
44747,31675,1996-08-08 06:56:43,1982-03-15 18:16:44,396,2029-05-11	,63,11
25354,6280,2020-06-01 06:23:22,2033-09-22 02:46:56,25,2026-01-23	,49,183
57715,10462,2020-11-13 19:28:15,2000-07-12 04:53:48,834,2012-01-02	,25,152
45600,3411,2011-02-03 14:24:32,1992-11-29 19:08:54,617,2036-12-28	,43,12
61795,30476,1986-07-22 03:52:07,1970-12-27 21:30:33,482,2007-12-25	,14,147
68374,40538,2015-09-18 09:01:37,2018-03-30 18:25:13,635,2032-08-17	,124,42
12957,18419,2014-12-08 16:41:58,2035-07-19 07:27:18,986,2023-07-19	,145,88
85512,16337,2022-12-19 09:20:17,2002-02-03 09:55:54,311,2037-11-04	,107,186
60646,38939,2034-03-21 04:56:05,1976-01-03 05:14:35,337,1970-12-04	,165,4
82432,24765,2019-08-26 08:31:49,2001-03-24 21:48:46,416,1993-11-06	,134,109
71885,16547,2004-08-05 17:07:08,2017-12-09 15:23:09,117,1985-09-27	,29,195
55802,46221,2000-04-01 19:34:37,2029-02-24 17:25:12,922,2036-09-10	,160,106
75884,37103,2011-12-03 20:12:39,1976-07-08 03:18:02,756,1999-12-01	,23,116
93489,42301,1972-08-23 00:47:27,1993-11-07 19:13:45,196,2018-04-12	,180,183
4039,20202,2012-03-05 21:45:51,1980-10-07 16:01:38,635,2022-02-12	,26,38
69028,28784,1974-04-05 03:09:25,2011-08-16 03:32:58,556,2028-08-02	,28,63
60300,37774,1997-12-03 20:25:50,1994-05-28 11:23:52,195,2005-11-05	,188,26
37276,48869,2002-09-11 19:09:46,2008-09-26 17:34:30,687,1995-08-06	,97,146
78018,5217,2030-04-03 10:51:02,1998-04-11 13:08:50,871,1971-02-17	,122,112
59226,33571,1981-09-18 07:12:39,1980-01-27 14:24:51,532,1991-03-15	,92,27
6702,43645,2003-08-13 14:48:41,1987-11-02 04:42:20,400,1999-06-08	,78,155
40987,43625,1993-04-02 00:28:03,1976-07-31 01:41:29,248,2026-03-23	,165,5
93057,35466,2000-03-27 07:36:09,2024-06-29 17:15:13,726,1973-08-14	,72,63
72456,26670,2001-09-21 08:08:02,1987-06-26 18:20:12,845,2033-03-14	,78,183
80162,44312,1981-11-05 11:50:19,1983-09-12 13:45:48,319,2008-07-10	,195,146
43858,15766,2026-02-28 13:33:33,2016-10-06 14:39:58,141,2014-03-06	,143,14
35847,8015,2029-05-27 04:13:47,1975-09-28 20:54:55,213,1985-12-08	,80,188
76759,43433,1983-04-07 23:50:24,2011-09-08 04:25:06,798,2009-12-16	,105,120
47341,34930,2024-06-16 18:09:26,2023-11-27 23:25:50,264,2022-09-01	,104,141
8927,17301,1996-07-28 16:06:24,1985-09-16 06:00:33,996,1977-03-31	,60,71
26678,8792,1999-10-23 07:38:17,2002-09-06 10:27:23,410,2027-03-14	,84,35
70920,30659,2023-10-09 19:06:23,2004-06-22 05:46:55,200,1991-06-02	,21,135
1329,45292,2001-09-15 14:16:01,1988-12-01 17:12:32,680,2037-02-21	,197,154
33269,18588,2038-01-16 02:23:05,1992-04-24 20:28:15,478,1990-08-10	,136,149
47865,5979,1985-05-01 04:27:02,2030-06-23 06:00:09,961,2013-10-16	,13,134
25668,42823,1981-12-21 00:59:10,2001-02-06 21:07:47,171,1989-02-26	,26,37
18731,29837,2001-06-21 07:32:03,2029-01-02 21:27:49,583,2000-03-12	,127,184
81549,31801,1986-08-09 08:02:39,1989-12-27 23:27:09,939,2032-12-25	,7,83
4511,13202,1990-11-01 19:31:57,1970-05-11 05:13:54,908,1995-05-07	,135,33
22890,42523,2012-04-11 23:10:36,1997-03-23 14:03:44,132,2021-03-07	,117,64
34882,2347,1982-09-06 15:21:54,2033-06-09 11:28:07,491,2025-12-21	,170,61
45851,4614,2010-10-29 00:01:33,1997-01-15 06:08:15,17,2013-06-18	,163,12
90272,6050,1974-08-22 17:40:58,2025-02-20 11:26:31,493,2020-07-17	,195,145
59319,29789,1978-05-01 18:19:41,2019-05-06 21:07:29,348,2018-02-08	,8,140
75388,11535,2012-10-18 11:42:41,1986-08-23 20:02:09,53,2002-06-23	,110,102
56950,7532,2031-11-11 13:44:53,2009-12-20 04:13:16,790,2019-04-06	,130,139
84489,35923,2004-03-08 09:12:47,1993-01-09 13:34:05,461,2002-06-13	,12,10
7260,9155,2023-01-17 07:08:22,1998-08-12 22:59:55,890,2026-01-23	,23,129
5453,37303,2030-06-18 15:04:48,1977-05-01 12:26:46,223,1999-11-22	,124,159
58988,26423,1995-11-13 03:35:22,1995-10-22 09:29:25,252,1972-01-25	,14,19
74881,28679,1999-08-23 11:41:53,1984-04-16 16:37:12,50,2003-10-10	,53,24
67939,2192,2006-12-26 12:21:54,2008-10-01 10:20:14,868,2014-12-16	,42,185
40669,5092,1972-01-15 16:14:11,2012-11-13 13:33:34,541,2014-03-11	,84,26
17784,40140,2004-09-19 04:33:10,1999-04-11 16:22:35,833,2009-07-26	,106,116
15500,48151,2023-11-23 09:18:36,1983-12-24 17:45:32,459,1973-11-01	,66,27
10019,43596,2018-03-10 07:17:52,2035-11-13 03:57:09,533,2032-09-15	,178,188
2331,46005,2008-09-25 15:30:33,2008-05-28 21:38:36,570,2037-07-02	,139,150
79470,10274,1982-01-29 20:48:18,2012-09-22 10:01:37,787,2017-12-21	,42,189
66795,88,1980-01-11 00:24:52,1978-08-29 12:32:48,58,2002-05-18	,53,31
34768,48702,1978-08-03 14:13:48,2029-11-25 15:39:20,896,1971-02-10	,164,184
93641,19434,2002-11-18 17:37:13,2004-06-04 11:31:06,380,1982-02-24	,50,35
38400,21533,2024-08-27 11:35:26,1981-08-19 05:42:57,135,1970-11-19	,22,161
1473,13008,2033-05-04 21:39:18,1974-12-16 12:39:25,736,1983-05-22	,46,16
17072,17866,2035-08-04 19:32:24,1974-07-05 00:16:29,374,2023-04-23	,197,62
